check_id,check_name,outcome,shock,horizon,beta,se,ci95_lo,ci95_hi,nobs
R00,Baseline,EMFI,max_shock,0,0.45824105040491986,0.3367416584893181,-0.20177260023414362,1.1182547010439834,2178.0
R00,Baseline,EMFI,max_shock,1,0.4309212156408282,0.32608021466086895,-0.2081960050944749,1.0700384363761313,2177.0
R00,Baseline,EMFI,max_shock,5,0.1557342779936189,0.1761496220306786,-0.18951898118651114,0.500987537173749,2173.0
R00,Baseline,EMFI,max_shock,10,0.09793567327899373,0.10062907525966078,-0.09929731422994138,0.29516866078792886,2168.0
R00,Baseline,EMFI,max_shock,20,0.01909482069288368,0.17410987934534786,-0.3221605428239981,0.3603501842097655,2158.0
R01,COVID exclusion,EMFI,max_shock,0,0.3697374991538482,0.489223221554673,-0.5891400150933108,1.3286150134010073,1960.0
R01,COVID exclusion,EMFI,max_shock,1,0.5364764773460131,0.40821981775216515,-0.2636343654482306,1.3365873201402567,1959.0
R01,COVID exclusion,EMFI,max_shock,5,0.14952254986858524,0.2623122446062785,-0.36460944955972063,0.6636545492968912,1955.0
R01,COVID exclusion,EMFI,max_shock,10,0.11184517534453363,0.16657533020936974,-0.21464247186583102,0.4383328225548983,1950.0
R01,COVID exclusion,EMFI,max_shock,20,-0.00795904252635908,0.16379476243305421,-0.32899677689514534,0.31307869184242715,1940.0
R01,COVID exclusion,P_stress,max_shock,0,0.0034385339593833997,0.06370102207950544,-0.12141546931644726,0.12829253723521405,1960.0
R01,COVID exclusion,P_stress,max_shock,1,0.034490267631153634,0.06507700371536851,-0.09306065965096864,0.1620411949132759,1959.0
R01,COVID exclusion,P_stress,max_shock,5,0.060296683948425064,0.06923009695093024,-0.0753943060753982,0.1959876739722483,1955.0
R01,COVID exclusion,P_stress,max_shock,10,0.054048683178605055,0.07114000294268265,-0.08538572258905291,0.19348308894626304,1950.0
R01,COVID exclusion,P_stress,max_shock,20,0.027435652143037247,0.0787109570506117,-0.12683782367616167,0.18170912796223618,1940.0
R01,COVID exclusion,tci_w100,max_shock,0,0.37386307795455354,0.4419700023880578,-0.49239812672603966,1.2401242826351466,1960.0
R01,COVID exclusion,tci_w100,max_shock,1,0.6126035107262522,0.4020704950335207,-0.1754546595394484,1.4006616809919528,1959.0
R01,COVID exclusion,tci_w100,max_shock,5,0.11186441908962752,0.46581365574757866,-0.8011303461756266,1.0248591843548818,1955.0
R01,COVID exclusion,tci_w100,max_shock,10,0.22806179716822422,0.5986297229100676,-0.9452524597355083,1.4013760540719566,1950.0
R01,COVID exclusion,tci_w100,max_shock,20,-0.08745235104247984,0.9307402932842248,-1.9117033258795604,1.7367986237946007,1940.0
R02,Ukraine exclusion,EMFI,max_shock,0,0.08250721107942079,0.20817205000479533,-0.32551000692997806,0.4905244290888196,2070.0
R02,Ukraine exclusion,EMFI,max_shock,1,0.09500355260620108,0.1259003809168957,-0.1517611939909145,0.34176829920331664,2069.0
R02,Ukraine exclusion,EMFI,max_shock,5,-0.0064174120711060776,0.1643482227727302,-0.3285399287056573,0.31570510456344514,2065.0
R02,Ukraine exclusion,EMFI,max_shock,10,0.06948014565098787,0.13443566453554653,-0.19401375683868333,0.33297404814065906,2060.0
R02,Ukraine exclusion,EMFI,max_shock,20,0.16081078730643536,0.16528529199444822,-0.16314838500268317,0.4847699596155539,2050.0
R03,EMFI_3comp (no TCI),EMFI_3comp,max_shock,0,0.5187954406326732,0.4220508968405492,-0.3084243171748031,1.3460151984401496,2178.0
R03,EMFI_3comp (no TCI),EMFI_3comp,max_shock,1,0.4762556058882906,0.40495216733175926,-0.31745064208195756,1.2699618538585387,2177.0
R03,EMFI_3comp (no TCI),EMFI_3comp,max_shock,5,0.0970666848229951,0.2157000622524738,-0.3257054371918535,0.5198388068378437,2173.0
R03,EMFI_3comp (no TCI),EMFI_3comp,max_shock,10,0.004812087109238462,0.10655784066608727,-0.20404128059629256,0.2136654548147695,2168.0
R03,EMFI_3comp (no TCI),EMFI_3comp,max_shock,20,-0.06842801273113579,0.19345040588191142,-0.44759080825968217,0.31073478279741057,2158.0
R04,AcuteEMFI (vol only),AcuteEMFI,max_shock,0,0.535332316010419,0.43057834191105426,-0.3086012341352473,1.3792658661560853,2178.0
R04,AcuteEMFI (vol only),AcuteEMFI,max_shock,1,0.4910210291539842,0.41263707358090385,-0.3177476350645873,1.2997896933725557,2177.0
R04,AcuteEMFI (vol only),AcuteEMFI,max_shock,5,0.09037582943771048,0.2077948459106407,-0.31690206854714525,0.49765372742256625,2173.0
R04,AcuteEMFI (vol only),AcuteEMFI,max_shock,10,-0.025118512211784714,0.09932111472898525,-0.2197878970805958,0.16955087265702637,2168.0
R04,AcuteEMFI (vol only),AcuteEMFI,max_shock,20,-0.11157480556424264,0.19624176949944877,-0.49620867378316225,0.27305906265467694,2158.0
R05,EqualWeight EMFI,EqWtEMFI,max_shock,0,0.23167207346342333,0.17039421118079906,-0.10230058045094281,0.5656447273777895,2178.0
R05,EqualWeight EMFI,EqWtEMFI,max_shock,1,0.22235743074184214,0.16804877894809456,-0.10701817599642319,0.5517330374801075,2177.0
R05,EqualWeight EMFI,EqWtEMFI,max_shock,5,0.08127557424538041,0.09051708336978406,-0.09613790915939634,0.25868905765015715,2173.0
R05,EqualWeight EMFI,EqWtEMFI,max_shock,10,0.05169308339063419,0.05120302071722352,-0.04866483721512391,0.1520510039963923,2168.0
R05,EqualWeight EMFI,EqWtEMFI,max_shock,20,0.010263311770095903,0.08750019093235649,-0.1612370624573228,0.1817636859975146,2158.0
R08,Placebo S_{t+30},EMFI,placebo_shock,0,-0.08333128498088782,0.28533133633835556,-0.6425807042040647,0.475918134242289,2178.0
R08,Placebo S_{t+30},EMFI,placebo_shock,1,-0.21102734507337415,0.1442238737931495,-0.49370613770794713,0.07165144756119887,2177.0
R08,Placebo S_{t+30},EMFI,placebo_shock,5,-0.20641329266860564,0.2187501280428275,-0.6351635436325476,0.22233695829533628,2173.0
R08,Placebo S_{t+30},EMFI,placebo_shock,10,-0.05873754333154213,0.17547679791435108,-0.4026720672436703,0.285196980580586,2168.0
R08,Placebo S_{t+30},EMFI,placebo_shock,20,-0.2200444154712468,0.16503387601114164,-0.5435108124530844,0.10342198151059079,2158.0
R09,AvgShock,EMFI,avg_shock_pos,0,0.47837054167955045,0.3766108040339298,-0.259786634226952,1.216527717586053,2178.0
R09,AvgShock,EMFI,avg_shock_pos,1,0.4466677466256702,0.35427422551796517,-0.24770973538954155,1.1410452286408819,2177.0
R09,AvgShock,EMFI,avg_shock_pos,5,0.15119461292368364,0.24210859021180287,-0.32333822389144995,0.6257274497388172,2173.0
R09,AvgShock,EMFI,avg_shock_pos,10,0.18217026889580626,0.1876673647901077,-0.18565776609280485,0.5499983038844174,2168.0
R09,AvgShock,EMFI,avg_shock_pos,20,0.06130543011853364,0.28012976992116784,-0.4877489189269554,0.6103597791640226,2158.0
R10,BreadthShock,EMFI,breadth_shock,0,0.051376374024443554,0.05876559012368366,-0.06380418261797641,0.16655693066686353,2178.0
R10,BreadthShock,EMFI,breadth_shock,1,0.07886332081109225,0.057959012016835273,-0.03473634274190489,0.19246298436408937,2177.0
R10,BreadthShock,EMFI,breadth_shock,5,0.006914542523293054,0.03047035588985288,-0.05280735502081858,0.0666364400674047,2173.0
R10,BreadthShock,EMFI,breadth_shock,10,0.0031064327094490083,0.01735570803753729,-0.03091075504412408,0.037123620463022096,2168.0
R10,BreadthShock,EMFI,breadth_shock,20,-0.010405484006277185,0.027873800258302286,-0.06503813251254967,0.044227164499995295,2158.0
R11,TCI W=60 EMFI,EMFI_tci60,max_shock,0,0.4362276616672701,0.33111149936414885,-0.21275087708646168,1.085206200421002,2178.0
R11,TCI W=60 EMFI,EMFI_tci60,max_shock,1,0.4152297665089634,0.3277126261803694,-0.22708698080456052,1.0575465138224873,2177.0
R11,TCI W=60 EMFI,EMFI_tci60,max_shock,5,0.12565088494180426,0.19189301602897707,-0.2504594264749908,0.5017611963585993,2173.0
R11,TCI W=60 EMFI,EMFI_tci60,max_shock,10,0.08944005575049967,0.11248975760626553,-0.13103986915778076,0.3099199806587801,2168.0
R11,TCI W=60 EMFI,EMFI_tci60,max_shock,20,0.041447205671449674,0.18049435656502433,-0.31232173319599804,0.39521614453889736,2158.0
R12,TCI W=150 EMFI,EMFI_tci150,max_shock,0,0.5346096201479639,0.3693202502558059,-0.18925807035341569,1.2584773106493434,2128.0
R12,TCI W=150 EMFI,EMFI_tci150,max_shock,1,0.4930127088427385,0.3580234272048608,-0.2087132084787886,1.1947386261642656,2127.0
R12,TCI W=150 EMFI,EMFI_tci150,max_shock,5,0.14481411145156334,0.19972663487949333,-0.24665009291224357,0.5362783158153702,2123.0
R12,TCI W=150 EMFI,EMFI_tci150,max_shock,10,0.0712461727078035,0.11164380459688382,-0.14757568430208878,0.2900680297176958,2118.0
R12,TCI W=150 EMFI,EMFI_tci150,max_shock,20,-0.016082129741939247,0.179897328369914,-0.3686808933469707,0.3365166338630922,2108.0
