date,tci_w250
2017-12-18,57.01167466187067
2017-12-19,57.069459791774676
2017-12-20,57.012936425599904
2017-12-21,56.88481188480626
2017-12-22,56.784682148547596
2017-12-25,57.08380033572008
2017-12-26,57.392019417389974
2017-12-27,57.326700046888604
2017-12-28,57.562997391081936
2017-12-29,57.6038251552021
2018-01-01,58.03884570750255
2018-01-02,58.11093034543431
2018-01-03,57.937678091781045
2018-01-04,58.37283272923383
2018-01-05,58.10508960164752
2018-01-08,58.183067130345236
2018-01-09,58.30878369393977
2018-01-10,58.08691116981175
2018-01-11,58.01778299886537
2018-01-12,58.281530594394916
2018-01-15,57.25524677322489
2018-01-16,57.350065000207216
2018-01-17,57.47253832848246
2018-01-18,57.528685081837615
2018-01-19,57.54338744014609
2018-01-22,57.38513249876917
2018-01-23,57.329149516706416
2018-01-24,57.25974835109952
2018-01-25,56.96319281409825
2018-01-26,56.976696494239874
2018-01-29,56.92988301129059
2018-01-30,57.22886736897582
2018-01-31,57.29720766910984
2018-02-01,57.1053938330248
2018-02-02,57.3067554431676
2018-02-05,57.70036525660471
2018-02-06,62.32321137000909
2018-02-07,64.37315649175858
2018-02-08,64.40790560312279
2018-02-09,64.71360611352922
2018-02-12,64.99070283258774
2018-02-13,65.10024876212579
2018-02-14,63.51031293966256
2018-02-15,63.60133415747422
2018-02-16,63.7589901309369
2018-02-19,63.68978475736038
2018-02-20,63.79010586390253
2018-02-21,63.713627129910535
2018-02-22,63.86737411319117
2018-02-23,63.86357618557172
2018-02-26,63.89555176780857
2018-02-27,63.99949074024471
2018-02-28,63.92259236119647
2018-03-01,63.914114365179366
2018-03-02,64.06775223944238
2018-03-05,63.97050694079145
2018-03-06,63.89835612528867
2018-03-07,63.95956003876952
2018-03-08,64.14551711890407
2018-03-09,64.22013654678459
2018-03-12,64.2477985599282
2018-03-13,64.22793405134794
2018-03-14,64.2290156561208
2018-03-15,64.53915589438432
2018-03-16,64.60238571189655
2018-03-19,64.78822279229433
2018-03-20,64.77406487049943
2018-03-21,64.67453172755123
2018-03-22,65.51277050711569
2018-03-23,65.4578388831607
2018-03-26,65.32206064811662
2018-03-27,65.30413439146979
2018-03-28,65.37248915006316
2018-03-29,65.26734529369179
2018-03-30,65.1907511796074
2018-04-02,65.14625333008641
2018-04-03,65.10598056756885
2018-04-04,65.09091592882524
2018-04-05,67.39620831606956
2018-04-06,66.96617441051266
2018-04-09,65.16453439204092
2018-04-10,65.33576675497734
2018-04-11,65.36609637529835
2018-04-12,65.64005667214886
2018-04-13,65.81014550506508
2018-04-16,65.12796769995076
2018-04-17,64.9859723231614
2018-04-18,65.03096195971864
2018-04-19,65.25941548661955
2018-04-20,65.24207668486243
2018-04-23,65.25508981050574
2018-04-24,65.21991524078148
2018-04-25,65.11792633210268
2018-04-26,65.12434178298588
2018-04-27,64.96743746530198
2018-04-30,65.1182909443959
2018-05-01,65.53670924940276
2018-05-02,65.39940135542459
2018-05-03,65.54289928423974
2018-05-04,65.62648275508073
2018-05-07,65.4579174792459
2018-05-08,65.43343960693399
2018-05-09,65.33401328667526
2018-05-10,65.41688974805705
2018-05-11,65.25782279650146
2018-05-14,64.95400179490221
2018-05-15,64.7908070956784
2018-05-16,64.64591957766014
2018-05-17,64.82555958226222
2018-05-18,64.74618688309724
2018-05-21,64.7261146720153
2018-05-22,64.65676832517848
2018-05-23,65.08804248736558
2018-05-24,65.04190129577125
2018-05-25,64.96792571480871
2018-05-28,64.69077201025759
2018-05-29,65.3036750878368
2018-05-30,64.95309377054878
2018-05-31,64.95711119892889
2018-06-01,65.15951470054982
2018-06-04,64.79294921405139
2018-06-05,64.73433723751161
2018-06-06,64.66634041350989
2018-06-07,64.63204856515728
2018-06-08,64.51307589759426
2018-06-11,64.32125111438289
2018-06-12,64.53538195946183
2018-06-13,64.53389772628319
2018-06-14,64.53070650823747
2018-06-15,65.17137315005694
2018-06-18,64.8109018346091
2018-06-19,64.76498925648322
2018-06-20,64.99986419852073
2018-06-21,64.92564519977492
2018-06-22,64.72171908150506
2018-06-25,65.11835766129438
2018-06-26,65.05465249611095
2018-06-27,64.99229027768692
2018-06-28,65.04801684340569
2018-06-29,64.88581670872105
2018-07-02,64.89386606895441
2018-07-03,64.75304039403889
2018-07-04,64.73490592895944
2018-07-05,64.7944339759861
2018-07-06,64.86932455490383
2018-07-09,64.75332265272712
2018-07-10,64.81655593732532
2018-07-11,65.07562156094451
2018-07-12,65.0584720095531
2018-07-13,65.19322030295034
2018-07-16,65.07304820533906
2018-07-17,65.00513515288908
2018-07-18,64.86606395033972
2018-07-19,64.7298241176302
2018-07-20,64.65621447259875
2018-07-23,64.48625161129881
2018-07-24,64.39480733529734
2018-07-25,64.50143250762594
2018-07-26,64.46519719897239
2018-07-27,64.39579871842842
2018-07-30,64.54196245981268
2018-07-31,64.55262714652257
2018-08-01,64.49976892551176
2018-08-02,64.60650252891969
2018-08-03,64.51215319227151
2018-08-06,64.48242658567246
2018-08-07,64.4414938099478
2018-08-08,64.43431512060242
2018-08-09,64.48125801664443
2018-08-10,64.98484907210242
2018-08-13,64.89086160255961
2018-08-14,64.97957680468288
2018-08-15,64.81531534277434
2018-08-16,64.85066220397559
2018-08-17,64.89776828312613
2018-08-20,64.91119698175694
2018-08-21,64.69853092004058
2018-08-22,64.54103504125013
2018-08-23,64.56463881675765
2018-08-24,64.51604317034348
2018-08-27,64.31085689280526
2018-08-28,64.27212442038403
2018-08-29,64.3405189107777
2018-08-30,64.42901532278833
2018-08-31,64.47712311010257
2018-09-03,64.58063440449126
2018-09-04,64.49919036385666
2018-09-05,64.69918151151003
2018-09-06,64.5640996004808
2018-09-07,64.50676306237554
2018-09-10,64.58700624502036
2018-09-11,64.53692493562043
2018-09-12,64.53307912220176
2018-09-13,64.54808994227903
2018-09-14,64.59817363250139
2018-09-17,64.65684884915981
2018-09-18,64.62890090840948
2018-09-19,65.01938978751085
2018-09-20,65.14065041700921
2018-09-21,65.0252863092845
2018-09-24,64.72337925008333
2018-09-25,64.5536156808025
2018-09-26,64.7936409612264
2018-09-27,64.64086163650467
2018-09-28,64.61301986241618
2018-10-01,64.57478530844585
2018-10-02,64.43924466574377
2018-10-03,64.29225832303584
2018-10-04,64.15905733196465
2018-10-05,64.2155545015949
2018-10-08,64.283805066726
2018-10-09,64.4146462220038
2018-10-10,65.28343619437342
2018-10-11,66.5013905874375
2018-10-12,66.61512879122826
2018-10-15,66.86710786477323
2018-10-16,67.80861550744392
2018-10-17,67.44698027366694
2018-10-18,67.36855879541056
2018-10-19,67.44605033427825
2018-10-22,67.34366953368902
2018-10-23,68.08750631609985
2018-10-24,67.89330768690188
2018-10-25,67.84315434592332
2018-10-26,67.83085147287953
2018-10-29,67.7933221155346
2018-10-30,67.58660044804256
2018-10-31,67.56422607722816
2018-11-01,67.51587912419733
2018-11-02,67.425594128602
2018-11-05,67.40194699021689
2018-11-06,67.38511422188849
2018-11-07,67.6984813978589
2018-11-08,67.47554735885085
2018-11-09,67.309442422774
2018-11-12,67.14596694124899
2018-11-13,67.11868195528537
2018-11-14,67.1382249617876
2018-11-15,66.79158057289051
2018-11-16,66.85177859505148
2018-11-19,66.79030842202407
2018-11-20,67.49723389035904
2018-11-21,67.27310429230936
2018-11-22,67.16477223994447
2018-11-23,67.19437502395797
2018-11-26,67.09753029798709
2018-11-27,67.0127697078214
2018-11-28,67.14105184835425
2018-11-29,66.93944466721771
2018-11-30,67.07293247122325
2018-12-03,67.6922901763073
2018-12-04,67.68270411093967
2018-12-05,67.51995711952182
2018-12-06,70.36914437015562
2018-12-07,69.1922007609322
2018-12-10,69.20874134174001
2018-12-11,69.06771384999531
2018-12-12,69.04281289288188
2018-12-13,69.0309132270048
2018-12-14,68.85122256130636
2018-12-17,69.10476642750831
2018-12-18,69.11506199784499
2018-12-19,68.01481768849665
2018-12-20,68.16457728976707
2018-12-21,67.92962049862513
2018-12-24,67.7436761354531
2018-12-25,68.57191926847645
2018-12-26,68.92457416364958
2018-12-27,69.15545833537703
2018-12-28,69.37807663888016
2018-12-31,69.26644668967924
2019-01-01,69.65357346839104
2019-01-02,69.33789361946614
2019-01-03,69.14154370600892
2019-01-04,70.30163676450518
2019-01-07,70.10379289238918
2019-01-08,70.05753098581692
2019-01-09,70.12619478381855
2019-01-10,70.14272776311007
2019-01-11,70.0350807676851
2019-01-14,69.94391209737809
2019-01-15,69.88178716891376
2019-01-16,69.96188349582286
2019-01-17,69.92167195559816
2019-01-18,69.80904641223954
2019-01-21,66.86688827098273
2019-01-22,66.28653264592901
2019-01-23,65.77331167783555
2019-01-24,65.39743573549718
2019-01-25,65.25449520750259
2019-01-28,65.20816700903313
2019-01-29,65.27346870032072
2019-01-30,65.28477479148911
2019-01-31,65.13558022510932
2019-02-01,65.16499778682146
2019-02-04,65.07094158906284
2019-02-05,65.1837596408403
2019-02-06,65.16502834527707
2019-02-07,65.30373314444165
2019-02-08,65.24424463989807
2019-02-11,65.13276431988521
2019-02-12,65.09975464901999
2019-02-13,65.09591949267394
2019-02-14,64.95235540827004
2019-02-15,65.06154172587554
2019-02-18,65.1027639571287
2019-02-19,65.21381363888975
2019-02-20,65.1753395554403
2019-02-21,65.13450752105682
2019-02-22,65.26180933366197
2019-02-25,65.14505639548443
2019-02-26,65.11816974165471
2019-02-27,65.10094906071157
2019-02-28,65.0745338059058
2019-03-01,64.96440548535342
2019-03-04,64.86542343664891
2019-03-05,65.00767447215544
2019-03-06,64.64227919292081
2019-03-07,64.77677442542573
2019-03-08,64.76922474487954
2019-03-11,64.76047549356257
2019-03-12,64.83571177244227
2019-03-13,64.81603450687302
2019-03-14,64.23898260048956
2019-03-15,63.73606815992594
2019-03-18,63.75004694291757
2019-03-19,63.694872339396234
2019-03-20,62.59402011684225
2019-03-21,62.723368997690024
2019-03-22,62.96667393292873
2019-03-25,63.030367003556044
2019-03-26,63.01905971019033
2019-03-27,63.23427338872934
2019-03-28,63.13039016574306
2019-03-29,63.15600962138039
2019-04-01,63.470672353956004
2019-04-02,63.531937898233984
2019-04-03,63.4381395412158
2019-04-04,63.59614430718271
2019-04-05,63.50846601897059
2019-04-08,63.48035919581273
2019-04-09,63.57008904928724
2019-04-10,63.67437285306443
2019-04-11,63.67597162647147
2019-04-12,63.60632709179039
2019-04-15,63.26238642032869
2019-04-16,63.360837431509665
2019-04-17,63.55168993996666
2019-04-18,63.616630069683126
2019-04-19,64.08386895969022
2019-04-22,64.50200064291109
2019-04-23,64.53954421707337
2019-04-24,64.45876034758147
2019-04-25,64.57478865368212
2019-04-26,64.91991564900023
2019-04-29,65.11076097630622
2019-04-30,65.08674046117804
2019-05-01,65.40797620764809
2019-05-02,65.38974288842478
2019-05-03,65.47333776367162
2019-05-06,65.49057891185797
2019-05-07,65.50217278452138
2019-05-08,65.49468870680364
2019-05-09,65.76306549591827
2019-05-10,65.75989068945786
2019-05-13,65.61578674534745
2019-05-14,65.53910862081999
2019-05-15,65.5739798427155
2019-05-16,65.53173035356558
2019-05-17,65.67579792414021
2019-05-20,65.66479982820971
2019-05-21,65.65766419034607
2019-05-22,65.6887880164267
2019-05-23,65.76050776040765
2019-05-24,65.84889160261513
2019-05-27,65.43324500089454
2019-05-28,65.38448985708499
2019-05-29,65.47403340900347
2019-05-30,65.33114269267861
2019-05-31,65.32561914669417
2019-06-03,65.39263062801743
2019-06-04,65.28266621401879
2019-06-05,65.25838012645195
2019-06-06,65.46462410870167
2019-06-07,65.48035360393963
2019-06-10,65.47041539952848
2019-06-11,65.42864521592612
2019-06-12,65.40461521852299
2019-06-13,65.51523362767568
2019-06-14,65.57907799895875
2019-06-17,65.61261164618927
2019-06-18,65.7920316916638
2019-06-19,65.81751941732938
2019-06-20,65.88669151012299
2019-06-21,65.98221133633129
2019-06-24,66.01540083029744
2019-06-25,65.9767483804896
2019-06-26,66.11371739304458
2019-06-27,65.88593283253914
2019-06-28,65.81642167897586
2019-07-01,65.86783858314031
2019-07-02,66.11028178677938
2019-07-03,65.95513052474061
2019-07-04,65.95923528798284
2019-07-05,66.03294540411
2019-07-08,66.00768840227343
2019-07-09,65.87172268942298
2019-07-10,65.99414569274819
2019-07-11,66.05608368149348
2019-07-12,66.15582632433824
2019-07-15,66.31956173417649
2019-07-16,66.43672739674903
2019-07-17,66.3505798949223
2019-07-18,66.30125922198819
2019-07-19,66.21535651437792
2019-07-22,66.18504852660007
2019-07-23,66.0650183385993
2019-07-24,66.09143462847345
2019-07-25,65.93180531963337
2019-07-26,65.94134866845702
2019-07-29,65.95221252766116
2019-07-30,66.04525374837415
2019-07-31,65.99419104161079
2019-08-01,65.9316127336993
2019-08-02,65.99915987142964
2019-08-05,66.4674789092245
2019-08-06,66.53896221653159
2019-08-07,66.61259675123092
2019-08-08,66.56767149311295
2019-08-09,66.492684731664
2019-08-12,66.39137195582731
2019-08-13,66.36739426842952
2019-08-14,66.78031032043319
2019-08-15,66.7441710225276
2019-08-16,66.62532054806249
2019-08-19,66.81130338608564
2019-08-20,66.77185944240111
2019-08-21,66.79191992035368
2019-08-22,66.69698305434828
2019-08-23,66.74438236003844
2019-08-26,66.97470235032613
2019-08-27,66.98641000051377
2019-08-28,66.8939555246052
2019-08-29,66.9525751143226
2019-08-30,66.86312936431804
2019-09-02,66.88189808174631
2019-09-03,66.82588880121591
2019-09-04,66.80307089264058
2019-09-05,66.81491981243367
2019-09-06,66.82978898315474
2019-09-09,66.85457464935662
2019-09-10,66.68150035079682
2019-09-11,66.6698135126518
2019-09-12,66.81070842200798
2019-09-13,66.81168763698183
2019-09-16,66.80298555477783
2019-09-17,66.84161604503132
2019-09-18,66.85085075168669
2019-09-19,66.87837201546569
2019-09-20,66.81874224777593
2019-09-23,66.90206133433547
2019-09-24,66.69607553565069
2019-09-25,65.91570858279432
2019-09-26,65.99981739518596
2019-09-27,66.01137463280519
2019-09-30,65.79265863061812
2019-10-01,65.85586178617827
2019-10-02,66.95153128092205
2019-10-03,66.68324889599543
2019-10-04,66.66215563735469
2019-10-07,66.51958913829395
2019-10-08,66.57218242173754
2019-10-09,66.63933285137787
2019-10-10,66.65455969605402
2019-10-11,67.20722577002263
2019-10-14,67.06088449031512
2019-10-15,66.96154674421484
2019-10-16,66.9010739985767
2019-10-17,66.99019514354771
2019-10-18,67.15653817719387
2019-10-21,67.16274499815358
2019-10-22,67.08584727158812
2019-10-23,67.15449914139174
2019-10-24,66.99644821995331
2019-10-25,67.07979347481398
2019-10-28,67.10941487627933
2019-10-29,67.24526582307645
2019-10-30,67.3221468622737
2019-10-31,67.32181784771404
2019-11-01,67.37440275976824
2019-11-04,66.91759278877039
2019-11-05,66.79107525718197
2019-11-06,66.82896077824051
2019-11-07,66.81518787285177
2019-11-08,67.04892550712373
2019-11-11,67.06591377490739
2019-11-12,66.98740812827083
2019-11-13,67.04411145250329
2019-11-14,67.05484271662438
2019-11-15,66.85314531140666
2019-11-18,66.94503022114442
2019-11-19,67.08354140477073
2019-11-20,65.59574966635047
2019-11-21,65.75853324241909
2019-11-22,65.37302050207796
2019-11-25,65.26229715860462
2019-11-26,65.07188496577946
2019-11-27,65.13095932483465
2019-11-28,65.18418505665633
2019-11-29,65.15651100340499
2019-12-02,65.17555029375241
2019-12-03,65.02872780673965
2019-12-04,64.71645640368884
2019-12-05,64.83650939501638
2019-12-06,64.68305902071614
2019-12-09,64.42929117175224
2019-12-10,64.18716512471349
2019-12-11,64.02314914653728
2019-12-12,63.58019623242252
2019-12-13,63.70804370453277
2019-12-16,63.152192097883706
2019-12-17,63.401795185346934
2019-12-18,63.514644764929514
2019-12-19,63.08836751329008
2019-12-20,63.1505500333204
2019-12-23,63.09692187077044
2019-12-24,63.279284617059304
2019-12-25,63.49657766275318
2019-12-26,63.729572884300254
2019-12-27,63.75287194388346
2019-12-30,63.80282484730342
2019-12-31,63.91100508441252
2020-01-01,64.20405368322685
2020-01-02,64.18307430484494
2020-01-03,64.25390208926834
2020-01-06,64.06786917149515
2020-01-07,64.18319935640805
2020-01-08,64.1909715336055
2020-01-09,64.22248094514448
2020-01-10,64.3240838037623
2020-01-13,64.35512179076409
2020-01-14,64.452581468487
2020-01-15,64.39815412624822
2020-01-16,64.44407608642275
2020-01-17,64.55916191348963
2020-01-20,64.4999200055166
2020-01-21,64.61854605287736
2020-01-22,64.08523450080716
2020-01-23,64.06956847352757
2020-01-24,64.07278636146175
2020-01-27,65.41369820185432
2020-01-28,65.04510175313536
2020-01-29,65.0027602804233
2020-01-30,64.8834374082155
2020-01-31,64.79754461512265
2020-02-03,64.72584931190613
2020-02-04,64.64254018580846
2020-02-05,64.60334428554934
2020-02-06,64.57736651093731
2020-02-07,64.52224509952343
2020-02-10,64.5039766614543
2020-02-11,64.46010512748896
2020-02-12,64.53108611057755
2020-02-13,64.60392793909215
2020-02-14,64.89555304109885
2020-02-17,64.7638107710416
2020-02-18,64.77859176554853
2020-02-19,64.74003354088322
2020-02-20,64.67983817636451
2020-02-21,64.66889183957673
2020-02-24,73.73172403203331
2020-02-25,74.44529129592746
2020-02-26,74.41130793550089
2020-02-27,76.3902315230538
2020-02-28,79.98008505839586
2020-03-02,79.75309405759748
2020-03-03,79.90448322931938
2020-03-04,79.84015576783692
2020-03-05,80.20519518644704
2020-03-06,81.68864313067405
2020-03-09,94.15104438980862
2020-03-10,89.43005514987885
2020-03-11,89.311616621438
2020-03-12,91.80165974965361
2020-03-13,91.55507413009076
2020-03-16,91.68153892887435
2020-03-17,91.73301645390201
2020-03-18,91.4417585295746
2020-03-19,91.40964117359698
2020-03-20,91.24891292497938
2020-03-23,91.28932557122157
2020-03-24,91.2228713494846
2020-03-25,91.1783671353248
2020-03-26,91.17134463021337
2020-03-27,91.1577685559525
2020-03-30,91.09132065057295
2020-03-31,90.980192186484
2020-04-01,91.0677135729736
2020-04-02,91.01010520325676
2020-04-03,90.98476090273499
2020-04-06,91.19552895045085
2020-04-07,91.09286954255789
2020-04-08,91.08672647579992
2020-04-09,91.03000405440265
2020-04-10,90.99409588405244
2020-04-13,90.99867845154463
2020-04-14,90.9209055842177
2020-04-15,90.98150906067343
2020-04-16,90.91747241297105
2020-04-17,90.85125641841071
2020-04-20,90.84567003372973
2020-04-21,90.84245680949238
2020-04-22,90.8291456678455
2020-04-23,90.83918469061987
2020-04-24,90.82698471627265
2020-04-27,90.78124465983262
2020-04-28,90.83161051000471
2020-04-29,90.8824687188857
2020-04-30,90.8098619582299
2020-05-01,90.80701009925517
2020-05-04,90.83318792451284
2020-05-05,90.76798870215983
2020-05-06,90.7872807390642
2020-05-07,90.78227810270928
2020-05-08,90.79684954086599
2020-05-11,90.78664232227514
2020-05-12,90.79059111354807
2020-05-13,90.77005683265546
2020-05-14,90.76517802670679
2020-05-15,90.75323749427055
2020-05-18,90.77355156317918
2020-05-19,90.73067895719771
2020-05-20,90.70002146820994
2020-05-21,90.684695675954
2020-05-22,90.664824699472
2020-05-25,90.6532245577735
2020-05-26,90.61722885021263
2020-05-27,90.55146910150847
2020-05-28,90.52691504117026
2020-05-29,90.52342910595485
2020-06-01,90.51747908100822
2020-06-02,90.4683980996519
2020-06-03,90.47605359663035
2020-06-04,90.47052583229292
2020-06-05,90.49536782564674
2020-06-08,90.50536244067825
2020-06-09,90.46823702748581
2020-06-10,90.46511415962996
2020-06-11,90.38241319051643
2020-06-12,90.41219046757072
2020-06-15,90.37589666855986
2020-06-16,90.37089658286732
2020-06-17,90.36319526633044
2020-06-18,90.35667891472153
2020-06-19,90.3775280937508
2020-06-22,90.40395984435075
2020-06-23,90.39580618274667
2020-06-24,90.36424567207385
2020-06-25,90.36734803412075
2020-06-26,90.31762274332084
2020-06-29,90.33931076113679
2020-06-30,90.32808376242374
2020-07-01,90.32698515439324
2020-07-02,90.30917239010208
2020-07-03,90.30072758862762
2020-07-06,90.29638473777706
2020-07-07,90.28962706364882
2020-07-08,90.299786857561
2020-07-09,90.29405769587162
2020-07-10,90.28736289833734
2020-07-13,90.28400689224458
2020-07-14,90.2880078512942
2020-07-15,90.27329209626629
2020-07-16,90.34116250893514
2020-07-17,90.30673410654332
2020-07-20,90.27814383212285
2020-07-21,90.26376678283738
2020-07-22,90.27343131009535
2020-07-23,90.28756278458377
2020-07-24,90.27216975654248
2020-07-27,90.27444871495481
2020-07-28,90.30479702211287
2020-07-29,90.29892072767633
2020-07-30,90.28600625276843
2020-07-31,90.27175491842571
2020-08-03,90.23941985088456
2020-08-04,90.2075975881243
2020-08-05,90.20620208491412
2020-08-06,90.2245259393592
2020-08-07,90.22686839800608
2020-08-10,90.2193399804021
2020-08-11,90.20234829122812
2020-08-12,90.2003828435823
2020-08-13,90.2259834336907
2020-08-14,90.19282686857005
2020-08-17,90.20341450121707
2020-08-18,90.19182518054416
2020-08-19,90.22552764265988
2020-08-20,90.21434249231413
2020-08-21,90.225593427336
2020-08-24,90.21512635112276
2020-08-25,90.20004853360982
2020-08-26,90.18966963452371
2020-08-27,90.17844237519841
2020-08-28,90.17531808376458
2020-08-31,90.15973028669701
2020-09-01,90.15081976918916
2020-09-02,90.12719979501934
2020-09-03,90.1217452690974
2020-09-04,90.09612000429897
2020-09-07,90.06043952288954
2020-09-08,90.06088445103767
2020-09-09,90.00384563008839
2020-09-10,89.99767961707997
2020-09-11,90.00383834363961
2020-09-14,89.97880790166268
2020-09-15,89.95915906045956
2020-09-16,89.9764311270792
2020-09-17,89.95081054254133
2020-09-18,89.94061807454851
2020-09-21,89.97717093867031
2020-09-22,89.96564860497118
2020-09-23,89.95698918041775
2020-09-24,89.97417910766842
2020-09-25,89.98179579238254
2020-09-28,89.94650070355569
2020-09-29,89.93846687821228
2020-09-30,89.9541329668643
2020-10-01,89.91374561070002
2020-10-02,89.93795098316471
2020-10-05,89.9351380573806
2020-10-06,89.92903243274834
2020-10-07,89.94193818224907
2020-10-08,89.94956660705583
2020-10-09,89.9373961719644
2020-10-12,89.9042315730626
2020-10-13,89.88731954698676
2020-10-14,89.88415018050515
2020-10-15,89.81661288556998
2020-10-16,89.80361727408716
2020-10-19,89.79620876236936
2020-10-21,89.78174278943996
2020-10-22,89.76417041178738
2020-10-23,89.7582636672546
2020-10-26,89.73330482860277
2020-10-27,89.70031342723684
2020-10-28,89.69238520653478
2020-10-29,89.64817603723002
2020-10-30,89.60820995793804
2020-11-02,89.6026218678608
2020-11-03,89.53883128695162
2020-11-04,89.4943912317458
2020-11-05,89.46698299979987
2020-11-06,89.46680519830463
2020-11-09,89.6498447596467
2020-11-10,89.58615570135369
2020-11-11,89.54442214713644
2020-11-12,89.54639622220017
2020-11-13,89.54150022625086
2020-11-16,89.5044005202542
2020-11-17,89.58819345857812
2020-11-18,89.57538204258448
2020-11-19,89.5501888318441
2020-11-20,89.54924307241005
2020-11-23,89.53476747594583
2020-11-24,89.51740621554852
2020-11-25,89.51113046809519
2020-11-26,89.51748429188534
2020-11-27,89.48940832821478
2020-11-30,89.48142768752567
2020-12-01,89.48372858585839
2020-12-02,89.45337737878803
2020-12-03,89.47239768039334
2020-12-04,89.44737356623531
2020-12-07,89.51031374289184
2020-12-08,89.43845015042233
2020-12-09,89.40934738896479
2020-12-10,89.40562125600144
2020-12-11,89.40441041944845
2020-12-14,89.40509560496629
2020-12-15,89.40555083208761
2020-12-16,89.38021073535222
2020-12-17,89.3832781766019
2020-12-18,89.35409232941011
2020-12-21,89.35567941879796
2020-12-22,89.33180745132188
2020-12-23,89.32855690410454
2020-12-24,89.34382645793171
2020-12-25,89.35602973462166
2020-12-28,89.31397744003044
2020-12-29,89.3705055283782
2020-12-30,89.35772336216394
2020-12-31,89.37875173710687
2021-01-01,89.37093894528823
2021-01-04,89.33261086339843
2021-01-05,89.34219301776646
2021-01-06,89.25271528750739
2021-01-07,89.25139484813644
2021-01-08,89.2777572809953
2021-01-11,89.28609423681637
2021-01-12,89.28663160550757
2021-01-13,89.29340332563811
2021-01-14,89.31175300982682
2021-01-15,89.30273925450453
2021-01-18,89.31242147991412
2021-01-19,89.32621779092106
2021-01-20,89.31085279591174
2021-01-21,89.28895199638006
2021-01-22,89.29129509467441
2021-01-25,89.28657615688516
2021-01-26,89.2634016201308
2021-01-27,89.22706615952973
2021-01-28,89.20763962809446
2021-01-29,89.1634468106777
2021-02-01,89.129878808327
2021-02-02,89.12833430521208
2021-02-03,89.13663030300384
2021-02-04,89.11903227495178
2021-02-05,89.11754806763771
2021-02-08,88.93978587258351
2021-02-09,88.96109143631665
2021-02-10,88.9710113164871
2021-02-11,88.99480760133501
2021-02-12,88.9714120380372
2021-02-15,89.02787214500826
2021-02-16,89.087056898504
2021-02-17,88.98497072186882
2021-02-18,88.94365419293452
2021-02-19,88.84660234467229
2021-02-22,87.12351166001957
2021-02-23,86.97181198972217
2021-02-24,86.7590787614434
2021-02-25,83.74105851920666
2021-02-26,84.08308329871413
2021-03-01,82.80711951605963
2021-03-02,83.12100986980116
2021-03-03,82.28278325547062
2021-03-04,81.99427653111236
2021-03-05,82.29341371052732
2021-03-08,81.6995985418852
2021-03-09,79.77716658933439
2021-03-10,79.79330962505544
2021-03-11,79.74735095046137
2021-03-12,79.54518366127225
2021-03-15,79.69476003899231
2021-03-16,79.83120358227266
2021-03-17,79.4381027916836
2021-03-18,79.36097957984946
2021-03-19,79.41263400291734
2021-03-22,78.1471035829393
2021-03-23,77.8883143137737
2021-03-24,77.90750539945292
2021-03-25,77.9888053746065
2021-03-26,77.82015112633992
2021-03-29,77.77793040829528
2021-03-30,77.94833628615322
2021-03-31,77.47408190709452
2021-04-01,77.47771506808935
2021-04-02,77.91523877989582
2021-04-05,78.12588444168945
2021-04-06,76.43700867169842
2021-04-07,76.49382242184691
2021-04-08,76.43455214336335
2021-04-09,76.50818802395575
2021-04-12,76.60252191235844
2021-04-13,76.56770533363118
2021-04-14,76.35628614267843
2021-04-15,76.43594973546278
2021-04-16,76.45503702803647
2021-04-19,75.88348855405374
2021-04-20,75.87110769069974
2021-04-21,75.95715637331992
2021-04-22,75.98018249001711
2021-04-23,76.09654763328786
2021-04-26,76.11166605845486
2021-04-27,76.17373571366981
2021-04-28,76.18267153893461
2021-04-29,76.133017359714
2021-04-30,76.22867323944988
2021-05-03,74.94531450168311
2021-05-04,74.91390657715704
2021-05-05,74.84020480213867
2021-05-06,74.94123687114661
2021-05-07,74.85599123365793
2021-05-10,74.88152733333055
2021-05-11,74.73645428522431
2021-05-12,74.84045041716296
2021-05-13,74.85133033467987
2021-05-14,74.79282255541278
2021-05-17,74.89789055520673
2021-05-18,74.67305065471092
2021-05-19,74.76043833573111
2021-05-20,74.58610562333057
2021-05-21,74.04018413634607
2021-05-24,74.0622527631228
2021-05-25,74.09922370265475
2021-05-26,74.21744803915061
2021-05-27,73.335407913125
2021-05-28,73.44927544693884
2021-05-31,73.63830114524633
2021-06-01,72.84813995280474
2021-06-02,72.8468340008057
2021-06-03,72.96764877542368
2021-06-04,72.94087065605875
2021-06-07,72.85884099160658
2021-06-08,72.9834990764513
2021-06-09,72.59220733766097
2021-06-10,72.80861851478481
2021-06-11,72.88051370912338
2021-06-14,72.89636350067158
2021-06-15,73.00050460809297
2021-06-16,72.92181665906656
2021-06-17,72.79487148409162
2021-06-18,72.83507163104957
2021-06-21,72.85352679346802
2021-06-22,72.85258096994824
2021-06-23,72.84545228726577
2021-06-24,72.87681583482039
2021-06-25,72.82904102607196
2021-06-28,72.9115135104732
2021-06-29,72.9243290757062
2021-06-30,73.00751820927596
2021-07-01,72.98899390981923
2021-07-02,73.04175927148636
2021-07-05,73.12114754174812
2021-07-06,73.13048451922853
2021-07-07,73.15003179155852
2021-07-08,73.2630598895472
2021-07-09,73.34035647948632
2021-07-12,73.30761423507323
2021-07-13,73.33742160625827
2021-07-14,73.2740677192335
2021-07-15,72.97590703342807
2021-07-16,73.0714883946203
2021-07-19,73.63615394787779
2021-07-20,73.65629712824698
2021-07-21,73.67781886520007
2021-07-22,73.71704634756765
2021-07-23,73.68564451113654
2021-07-26,73.74697928663043
2021-07-27,73.77840777310874
2021-07-28,73.81577250674628
2021-07-29,73.77422784711733
2021-07-30,73.8244303120602
2021-08-02,73.86920019689899
2021-08-03,73.89521945197855
2021-08-04,73.92219059317492
2021-08-05,74.04794286169898
2021-08-06,74.08795799442768
2021-08-09,74.10088964145875
2021-08-10,74.07254510300832
2021-08-11,74.10510508197979
2021-08-12,74.19334289253038
2021-08-13,74.35764632980268
2021-08-16,74.43819851803181
2021-08-17,74.3671867429339
2021-08-18,74.43980055620489
2021-08-19,74.50187297700475
2021-08-20,74.50508722930999
2021-08-23,74.56790598857867
2021-08-24,74.66918407694935
2021-08-25,74.6408663282604
2021-08-26,74.64764310244396
2021-08-27,74.71233291444773
2021-08-30,74.77491849718172
2021-08-31,74.62042243070972
2021-09-01,74.66483163889886
2021-09-02,74.68569036624052
2021-09-03,74.75149628476736
2021-09-06,73.04909826849133
2021-09-07,73.29785685431483
2021-09-08,73.359957895467
2021-09-09,73.37142631921152
2021-09-10,73.41655085773357
2021-09-13,73.19881542653476
2021-09-14,73.32418048072093
2021-09-15,73.17659798328444
2021-09-16,73.22499381868364
2021-09-17,73.16225382951215
2021-09-20,73.5767128588657
2021-09-21,73.66409261265812
2021-09-22,73.57339945574131
2021-09-23,73.5126034987654
2021-09-24,73.4170620429149
2021-09-27,73.51582097211721
2021-09-28,73.46165549048509
2021-09-29,73.52562554308335
2021-09-30,73.07951430235586
2021-10-01,73.03800918940875
2021-10-04,72.89661448139239
2021-10-05,72.92908077766822
2021-10-06,72.86398732578566
2021-10-07,72.89426781288931
2021-10-08,72.81162722229786
2021-10-11,72.92382519931121
2021-10-12,71.7958912462312
2021-10-13,72.30243724663633
2021-10-14,72.32791937870203
2021-10-15,72.14768082580086
2021-10-18,71.53282934203457
2021-10-19,71.67149795955858
2021-10-20,71.59837212009876
2021-10-21,71.58862758619527
2021-10-22,62.41733604381723
2021-10-25,62.97609169068318
2021-10-26,63.11959542541956
2021-10-27,63.116894339126105
2021-10-28,62.778363473184896
2021-10-29,62.159022063406866
2021-11-01,62.00789719345534
2021-11-02,61.89655986306324
2021-11-03,61.78689137832334
2021-11-04,61.68204603952656
2021-11-05,61.61396700211422
2021-11-08,61.49034363840212
2021-11-09,61.484992646783496
2021-11-10,61.582649192415175
2021-11-11,61.74146286374884
2021-11-12,61.6678316724791
2021-11-15,61.818743253017225
2021-11-16,61.90495181294301
2021-11-17,61.79388466080214
2021-11-18,61.70004699611699
2021-11-19,61.50714909348577
2021-11-22,61.44812510172276
2021-11-23,61.44502760391182
2021-11-24,61.38173481779771
2021-11-25,61.35323079376133
2021-11-26,67.4056347943867
2021-11-29,67.23971697092628
2021-11-30,67.12306911142156
2021-12-01,66.99506007851045
2021-12-02,67.08654147991233
2021-12-03,66.06905639260586
2021-12-06,65.98258105445704
2021-12-07,66.88389998292315
2021-12-08,66.5689508163025
2021-12-09,66.24245321670651
2021-12-10,66.40997060001435
2021-12-13,66.37593096606945
2021-12-14,66.37167814467479
2021-12-15,66.32617453773013
2021-12-16,66.32259244163652
2021-12-17,66.32951066309178
2021-12-20,66.45001677439237
2021-12-21,66.51403943107675
2021-12-22,66.32746251503589
2021-12-23,66.40130812261799
2021-12-24,66.78805496160341
2021-12-27,66.86423225074067
2021-12-28,66.80672549676828
2021-12-29,66.77801441604174
2021-12-30,66.75801380864401
2021-12-31,67.07516315695331
2022-01-03,67.04169848877012
2022-01-04,66.97764799134576
2022-01-05,67.09338284802924
2022-01-06,66.98422416397747
2022-01-07,66.83967746268898
2022-01-10,66.80256874048419
2022-01-11,66.84223433402707
2022-01-12,66.7734871371913
2022-01-13,66.98088880870226
2022-01-14,67.31017599062312
2022-01-17,67.32806865020822
2022-01-18,67.53881386744759
2022-01-19,67.54749815425824
2022-01-20,67.59297007234576
2022-01-21,68.62403643932531
2022-01-24,72.10945788076766
2022-01-25,71.54115936448257
2022-01-26,72.04573513049935
2022-01-27,72.10564881969552
2022-01-28,72.10121458219902
2022-01-31,72.05952399076482
2022-02-01,72.14156650912115
2022-02-02,72.28898240579707
2022-02-03,72.41628544605389
2022-02-04,72.34967842107096
2022-02-07,72.35988793527403
2022-02-08,72.30659186765506
2022-02-09,72.30746515046901
2022-02-10,72.28060402697943
2022-02-11,71.89205929638757
2022-02-14,72.75015619272523
2022-02-15,72.70784518336274
2022-02-16,72.7784050864754
2022-02-17,72.87511472304948
2022-02-18,72.78241927097709
2022-02-21,72.90002055504779
2022-02-22,72.87303464779595
2022-02-23,72.81257070832704
2022-02-24,79.26507465285388
2022-02-25,78.95528049211148
2022-02-28,78.92534585111439
2022-03-01,79.15592333694723
2022-03-02,79.00158016227586
2022-03-03,78.93281488477135
2022-03-04,81.08080939634242
2022-03-07,82.17663951326162
2022-03-08,81.99942524882732
2022-03-09,83.02134980735997
2022-03-10,82.31220197449683
2022-03-11,82.62618392164038
2022-03-14,82.54488188191283
2022-03-15,82.52252575382076
2022-03-16,82.7205965060876
2022-03-17,82.58774014112743
2022-03-18,82.4599133026698
2022-03-21,82.40719038836052
2022-03-22,82.37312488138795
2022-03-23,82.30686269087776
2022-03-24,82.27648522342022
2022-03-25,82.17858335943117
2022-03-28,82.11689912680582
2022-03-29,82.40706649689757
2022-03-30,82.18789971400633
2022-03-31,82.1966273408631
2022-04-01,82.23391685941837
2022-04-04,82.32645504843782
2022-04-05,82.2544642061684
2022-04-06,82.16919790831004
2022-04-07,82.10609643446203
2022-04-08,82.10359829790951
2022-04-11,82.02092036233338
2022-04-12,82.05584543948704
2022-04-13,81.96724469143936
2022-04-14,81.99987004289572
2022-04-15,82.13734988261069
2022-04-18,82.32851162437753
2022-04-19,82.45026726446127
2022-04-20,82.45116053003115
2022-04-21,82.44799395200631
2022-04-22,82.42372662568678
2022-04-25,82.59818513868696
2022-04-26,82.56672839323257
2022-04-27,82.52430635854392
2022-04-28,82.55194869788029
2022-04-29,82.51639582997308
2022-05-02,82.49068071845048
2022-05-03,82.44305670400527
2022-05-04,82.4483323847866
2022-05-05,82.46313718304434
2022-05-06,82.36143676949457
2022-05-09,82.5886003898018
2022-05-10,82.51003649476858
2022-05-11,82.48389577615093
2022-05-12,82.63794480757726
2022-05-13,82.5401061409819
2022-05-16,82.5189212591757
2022-05-17,82.53099628234037
2022-05-18,82.45775569735765
2022-05-19,82.47672667430008
2022-05-20,82.46935059922009
2022-05-23,82.36782926715918
2022-05-24,82.33982695600706
2022-05-25,82.33907927936703
2022-05-26,82.20105930913189
2022-05-27,82.10678247287343
2022-05-30,82.03643783816503
2022-05-31,82.0504185652672
2022-06-01,81.93891941382562
2022-06-02,81.96289643551829
2022-06-03,81.94757247604308
2022-06-06,81.97026436022425
2022-06-07,81.95910455161302
2022-06-08,82.03426101759031
2022-06-09,82.00992796451895
2022-06-10,82.30992318540939
2022-06-13,82.36671493171296
2022-06-14,82.30311520034218
2022-06-15,82.26055382110697
2022-06-16,82.1141694267523
2022-06-17,81.94250361600909
2022-06-20,81.90520065096977
2022-06-21,81.87335265724327
2022-06-22,81.80913043928919
2022-06-23,81.7719622459016
2022-06-24,81.65224579493643
2022-06-27,81.50856420883127
2022-06-28,81.38077920917306
2022-06-29,81.34692678969606
2022-06-30,81.32924290677464
2022-07-01,81.02571599917958
2022-07-04,81.10669743623261
2022-07-05,81.249567898644
2022-07-06,81.14202485062168
2022-07-07,81.38319331315763
2022-07-08,81.30999541622425
2022-07-11,81.2926657609244
2022-07-12,81.26618363625833
2022-07-13,81.24029532010391
2022-07-14,81.2287356439564
2022-07-15,81.05827999694381
2022-07-18,81.03504033670482
2022-07-19,80.91026130113022
2022-07-20,80.85819768720214
2022-07-21,80.7935318299432
2022-07-22,80.67609004187338
2022-07-25,80.69572835133876
2022-07-26,80.63938378388563
2022-07-27,80.56244445444537
2022-07-28,80.46585599881038
2022-07-29,80.37352127706112
2022-08-01,80.4148669702034
2022-08-02,80.44735456961128
2022-08-03,80.45867849875783
2022-08-04,80.5010956319278
2022-08-05,80.51495060829687
2022-08-08,80.45537582110933
2022-08-09,80.37159974060263
2022-08-10,80.2697723005058
2022-08-11,80.17841899581029
2022-08-12,80.11427533128646
2022-08-15,80.29718606766441
2022-08-16,80.24612243998479
2022-08-17,80.19054697219671
2022-08-18,80.15719263344035
2022-08-19,80.15395606293926
2022-08-22,80.08600390435834
2022-08-23,80.0911249258072
2022-08-24,80.12940749745246
2022-08-25,80.10233131022729
2022-08-26,80.05952056973052
2022-08-29,79.86842491245224
2022-08-30,79.76479149805446
2022-08-31,79.76697604654022
2022-09-01,79.77676329019047
2022-09-02,79.43506350099062
2022-09-05,79.44776261838096
2022-09-06,79.37414731950703
2022-09-07,79.32810151443111
2022-09-08,79.35294064132522
2022-09-09,79.31466151111763
2022-09-12,79.43121458651551
2022-09-13,79.33609818394856
2022-09-14,79.3204689222005
2022-09-15,79.35357911519867
2022-09-16,79.32899474866252
2022-09-19,79.3267474120477
2022-09-20,79.33684010720117
2022-09-21,79.32733716822625
2022-09-22,79.18195721828619
2022-09-23,79.56721279824008
2022-09-26,79.39979392078132
2022-09-27,79.46515309954172
2022-09-28,79.3513626727894
2022-09-29,79.45506220589735
2022-09-30,79.31636943514874
2022-10-03,79.34077660525554
2022-10-04,79.70120259492975
2022-10-05,79.53059070101322
2022-10-06,79.5349945319935
2022-10-07,79.4219067428605
2022-10-10,79.36976277067501
2022-10-11,79.34585351581357
2022-10-12,79.38875077673698
2022-10-13,79.43874771350139
2022-10-14,79.44314211242836
2022-10-17,79.47334610569064
2022-10-18,79.5508996272038
2022-10-19,79.42923259535928
2022-10-20,79.43689266001877
2022-10-21,79.4867760156958
2022-10-24,79.27979785832183
2022-10-25,79.24305927924622
2022-10-26,79.05244094070822
2022-10-27,79.02256962467065
2022-10-28,79.04195909829613
2022-10-31,79.09879926264803
2022-11-01,79.05600336206192
2022-11-02,79.06452270764296
2022-11-03,79.12323716934561
2022-11-04,78.97831607918759
2022-11-07,78.96463434221204
2022-11-08,78.92079634348987
2022-11-09,79.00035888091853
2022-11-10,78.09568261405313
2022-11-11,78.16350813973834
2022-11-14,78.13096317732587
2022-11-15,78.24659465917998
2022-11-16,78.26229873173575
2022-11-17,78.20180623667274
2022-11-18,78.30346857076952
2022-11-21,78.2748922997739
2022-11-22,78.21534766927712
2022-11-23,78.28355416309545
2022-11-24,78.20289721226158
2022-11-25,78.18979991081906
2022-11-28,78.21361542424184
2022-11-29,78.15230600736912
2022-11-30,78.2469193541026
2022-12-01,78.17730378805152
2022-12-02,78.1709906039294
2022-12-05,78.23172722956802
2022-12-06,78.24018167085161
2022-12-07,78.21245906371989
2022-12-08,77.97226005386284
2022-12-09,78.07171826465749
2022-12-12,78.0957715861945
2022-12-13,78.07080401477053
2022-12-14,77.94886140176897
2022-12-15,77.58478705277966
2022-12-16,77.6958322645747
2022-12-19,77.60341256400591
2022-12-20,77.70476212119189
2022-12-21,77.77157001598503
2022-12-22,77.78895041581421
2022-12-23,77.88666652125379
2022-12-26,78.13694751755881
2022-12-27,78.23691044189961
2022-12-28,77.97498849658577
2022-12-29,78.06832397919321
2022-12-30,78.03427191498133
2023-01-02,78.00033852814249
2023-01-03,77.92622334431293
2023-01-04,77.7895768073246
2023-01-05,77.73659625558966
2023-01-06,77.0700075095772
2023-01-09,77.11915149650879
2023-01-10,76.96112700368381
2023-01-11,76.96380520885431
2023-01-12,76.87886795239204
2023-01-13,76.9588496775759
2023-01-16,76.73726373574374
2023-01-17,76.96579445133142
2023-01-18,76.99936982985434
2023-01-19,77.03340217973063
2023-01-20,77.06260429456016
2023-01-23,77.10107773019243
2023-01-24,77.14142247871155
2023-01-25,77.182504262339
2023-01-26,77.17852540250351
2023-01-27,77.1008330194173
2023-01-30,77.15467634548254
2023-01-31,77.28780381223869
2023-02-01,77.38816134499422
2023-02-02,77.36632498599366
2023-02-03,77.49657378197666
2023-02-06,77.50704726795304
2023-02-07,77.63670459484115
2023-02-08,74.19518016041135
2023-02-09,74.20051970644055
2023-02-10,74.30049749228917
2023-02-13,73.57682420650534
2023-02-14,73.86750563644014
2023-02-15,73.80063675898401
2023-02-16,71.60073788714716
2023-02-17,71.32201200331004
2023-02-20,71.39072765747197
2023-02-21,65.92353367269659
2023-02-22,66.48983900392925
2023-02-23,66.42122164697723
2023-02-24,66.24534868639259
2023-02-27,66.27311912189737
2023-02-28,64.84897681833607
2023-03-01,64.84591216592996
2023-03-02,64.99299642056536
2023-03-03,65.1251149275128
2023-03-06,64.9651390961104
2023-03-07,65.07185661066953
2023-03-08,65.28179556462301
2023-03-09,65.47585842490857
2023-03-10,65.60177504481753
2023-03-13,65.75460100228786
2023-03-14,65.81258942684666
2023-03-15,68.01117557892765
2023-03-16,67.31072093412551
2023-03-17,67.31109124055979
2023-03-20,67.3940797609731
2023-03-21,67.39968854601655
2023-03-22,67.34072004396431
2023-03-24,67.53606837786326
2023-03-27,67.69112698089364
2023-03-28,67.7646845288698
2023-03-29,67.93205045095908
2023-03-30,67.73650645646573
2023-03-31,67.43913883193737
2023-04-03,67.06754185354652
2023-04-04,67.04832185271907
2023-04-05,67.14978775562264
2023-04-06,67.18678228435424
2023-04-07,67.66346690914936
2023-04-10,68.17918458821858
2023-04-11,68.14016129688423
2023-04-12,68.33993382982618
2023-04-13,68.43157244856648
2023-04-14,68.46279447624856
2023-04-17,68.70231182935754
2023-04-18,68.90723369517285
2023-04-19,68.84444733979119
2023-04-20,68.97325318164246
2023-04-21,68.97196840626239
2023-04-24,68.85661492156663
2023-04-25,69.11614231377283
2023-04-26,69.16866150364287
2023-04-27,68.9939366415282
2023-04-28,68.7986007116631
2023-05-01,69.37909777103593
2023-05-02,69.36092591984968
2023-05-03,69.47104851404863
2023-05-04,69.555922252044
2023-05-05,69.56493717916938
2023-05-08,69.66004794740562
2023-05-09,69.74239568780241
2023-05-10,69.92432139720518
2023-05-11,69.99113081629282
2023-05-12,70.14474134121521
2023-05-15,70.28779288093631
2023-05-16,70.16326880073129
2023-05-17,70.43458763816739
2023-05-18,70.41447831637096
2023-05-19,70.18608482437794
2023-05-22,69.97318128936574
2023-05-23,69.98627714369462
2023-05-24,69.8072196775154
2023-05-25,69.71289006973068
2023-05-26,68.84094264603605
2023-05-29,68.0358986686746
2023-05-30,68.03205781017685
2023-05-31,68.2448002346875
2023-06-01,68.10501096973407
2023-06-02,68.38697920416354
2023-06-05,68.39470416048123
2023-06-06,68.53694068763512
2023-06-07,68.5263521639771
2023-06-08,68.74361624592264
2023-06-09,68.86189696007825
2023-06-12,68.93295394591942
2023-06-13,68.95241860883573
2023-06-14,69.07259895439265
2023-06-15,68.79054234575116
2023-06-16,68.68947320977661
2023-06-19,68.7039488297007
2023-06-20,68.20014188929885
2023-06-21,68.42124374527147
2023-06-22,68.22156274793502
2023-06-23,68.3187845493643
2023-06-26,68.2216476049157
2023-06-27,68.22605274292725
2023-06-28,67.99576520749912
2023-06-29,67.64009751425691
2023-06-30,67.84533570638092
2023-07-03,67.96437903793061
2023-07-04,68.27131231342277
2023-07-05,68.20840521777815
2023-07-06,68.64773156930578
2023-07-07,68.73628029974866
2023-07-10,68.66480404913676
2023-07-11,68.63751783814924
2023-07-12,68.69716280946443
2023-07-13,68.85030587648295
2023-07-14,69.03633687348606
2023-07-17,68.94444905615585
2023-07-18,68.9433789942313
2023-07-19,68.90050565035972
2023-07-20,68.80728351735532
2023-07-21,68.88802906946104
2023-07-24,69.09125052566297
2023-07-25,69.14196024459778
2023-07-26,69.04961642165117
2023-07-27,68.89644768103747
2023-07-28,69.11787891474098
2023-07-31,69.1065360675244
2023-08-01,69.14417954810988
2023-08-02,69.23219483940623
2023-08-03,69.23199142498817
2023-08-04,69.15533233115904
2023-08-07,69.1387584716981
2023-08-08,69.10282756218294
2023-08-09,68.98615257447523
2023-08-10,69.07234122667492
2023-08-11,69.17485965429734
2023-08-14,69.13964891790457
2023-08-15,69.25097281960666
2023-08-16,69.35098583540767
2023-08-17,68.99539021160034
2023-08-18,68.98645674288527
2023-08-21,68.76019390499675
2023-08-22,69.10099888161373
2023-08-23,69.24409137093447
2023-08-24,69.12020597824527
2023-08-25,69.20058778727034
2023-08-28,68.59424431917111
2023-08-29,68.86520856302033
2023-08-30,68.89170774437865
2023-08-31,69.00569619697565
2023-09-01,69.1174685739323
2023-09-04,69.08703699266611
2023-09-05,69.03741173159365
2023-09-06,69.00340542437824
2023-09-07,68.64218702315507
2023-09-08,66.31216124388474
2023-09-11,66.4461512763447
2023-09-12,66.44538606074394
2023-09-13,66.73517905797414
2023-09-14,66.04605245793174
2023-09-15,66.04831860842131
2023-09-18,65.80446892997061
2023-09-19,63.18742299104753
2023-09-20,63.686107527135704
2023-09-21,63.71702246293586
2023-09-22,63.7564880985423
2023-09-25,63.77371996111828
2023-09-26,63.81467753869462
2023-09-27,63.964413552029455
2023-09-28,63.89896785250262
2023-09-29,63.8932885690444
2023-10-02,63.64898947097958
2023-10-03,63.51642424651969
2023-10-04,63.61701654187164
2023-10-05,63.61664215428902
2023-10-06,63.6805041206206
2023-10-09,63.623154198854124
2023-10-10,64.97347858134266
2023-10-11,64.89541980734595
2023-10-12,64.99877769117171
2023-10-13,65.03871501263157
2023-10-16,64.63731798589278
2023-10-17,64.6372620773186
2023-10-18,64.61462350442814
2023-10-19,64.4853237716092
2023-10-20,64.52893624243798
2023-10-23,64.43091754958301
2023-10-24,64.40673831474275
2023-10-25,64.35456520136108
2023-10-26,63.90077548739722
2023-10-27,63.870709486911345
2023-10-30,63.93362461982862
2023-10-31,63.879794585052764
2023-11-01,63.888204409378666
2023-11-02,64.02908517449526
2023-11-03,63.988080331530526
2023-11-06,63.93629700864722
2023-11-07,63.81993667205539
2023-11-08,63.84718953796962
2023-11-09,63.825307950913555
2023-11-10,63.68669698970098
2023-11-13,63.60153600137978
2023-11-14,63.921582675903224
2023-11-15,63.76090441976314
2023-11-16,63.752020284153076
2023-11-17,63.7468150458529
2023-11-20,63.82810748641526
2023-11-21,63.74474027291548
2023-11-22,63.83608896126308
2023-11-23,63.89935679730369
2023-11-24,64.05565925131145
2023-11-27,63.97319812093974
2023-11-28,63.786248400047675
2023-11-29,63.84301472601035
2023-11-30,64.02920354776427
2023-12-01,64.07712656448138
2023-12-04,64.08376167880132
2023-12-05,64.02557515138182
2023-12-06,63.87360480151124
2023-12-07,64.07159052524102
2023-12-08,63.950667182985335
2023-12-11,63.832594034373834
2023-12-12,63.80458346654591
2023-12-13,64.23470818411833
2023-12-14,64.01053571345582
2023-12-15,63.9827038917899
2023-12-18,64.16791231422717
2023-12-19,64.14539587629612
2023-12-20,64.0737357567285
2023-12-21,64.1235112925919
2023-12-22,64.24201668924226
2023-12-25,64.72860528298924
2023-12-26,65.11273087670124
2023-12-27,65.29459773773627
2023-12-28,65.37403493625558
2023-12-29,65.1546630305822
2024-01-01,66.14834554081554
2024-01-02,66.07172287823101
2024-01-03,66.08899058995847
2024-01-04,65.95620601969433
2024-01-05,65.9648783074873
2024-01-08,65.97334253831325
2024-01-09,65.91387746455227
2024-01-10,65.79244551852675
2024-01-11,65.83788576152368
2024-01-12,65.82285846939524
2024-01-15,65.89742803139661
2024-01-16,65.84350939169289
2024-01-17,65.87981122394353
2024-01-18,65.80003302905017
2024-01-19,65.88222261482528
2024-01-22,65.90546025361841
2024-01-23,65.84706444418612
2024-01-24,65.83275208342802
2024-01-25,65.84864116417685
2024-01-26,65.84299593096826
2024-01-29,65.89590201058148
2024-01-30,65.78868133141322
2024-01-31,65.71471874667512
2024-02-01,65.60583742477885
2024-02-02,65.61006739446638
2024-02-05,65.66603713498284
2024-02-06,65.61426314376739
2024-02-07,65.61168756054752
2024-02-08,65.52484329036048
2024-02-09,65.65636456884518
2024-02-12,65.68748867743807
2024-02-13,65.73639557754068
2024-02-14,65.74109810363079
2024-02-15,65.80362584355697
2024-02-16,65.83315957005814
2024-02-19,65.85942691473286
2024-02-20,66.04309618603345
2024-02-21,65.9536583776867
2024-02-22,65.8677369342397
2024-02-23,65.4379551914656
2024-02-26,63.390788962667344
2024-02-27,63.417750099499195
2024-02-28,58.724140011745455
2024-02-29,58.79084390401987
2024-03-01,58.39117721160966
2024-03-04,58.44097246151645
2024-03-05,57.62590077321059
2024-03-06,57.71249007595437
2024-03-07,55.94026250144154
2024-03-08,55.96528189495243
2024-03-11,55.768447158609526
2024-03-12,55.653846433154264
2024-03-13,54.96894166264297
2024-03-14,54.97335927104031
2024-03-15,54.90384256605104
2024-03-18,54.92582293621889
2024-03-19,54.967484305254125
2024-03-20,55.11863856470695
2024-03-21,54.665094734527976
2024-03-22,54.241551954170774
2024-03-25,54.31966655363182
2024-03-26,54.390381053140224
2024-03-27,54.446049702143895
2024-03-28,54.497197260177785
2024-03-29,54.7285435146279
2024-04-01,55.251307925117935
2024-04-02,55.03277905532195
2024-04-03,55.01047555204038
2024-04-04,55.01600737555972
2024-04-05,54.870460504656236
2024-04-08,54.901817174196545
2024-04-09,54.8192280623572
2024-04-10,55.073006423478645
2024-04-11,55.086743727024526
2024-04-12,54.59961356448979
2024-04-15,54.30808958639173
2024-04-16,55.00783174619548
2024-04-17,54.940489656359404
2024-04-18,54.83086473830351
2024-04-19,54.93030677254625
2024-04-22,54.84936939588682
2024-04-23,54.878532773003855
2024-04-24,54.874711968093806
2024-04-25,54.79428000012342
2024-04-26,54.64320769251378
2024-04-29,54.72127863051502
2024-04-30,54.325727018467376
2024-05-01,54.94830055968378
2024-05-02,54.99075622957367
2024-05-03,55.442269280349045
2024-05-06,54.944276368632714
2024-05-07,54.183750941057696
2024-05-08,54.15082722761394
2024-05-09,53.891131447352834
2024-05-10,53.7620850476511
2024-05-13,53.984740097924124
2024-05-14,53.74831001145656
2024-05-15,53.68583068015407
2024-05-16,51.72608913027679
2024-05-17,51.65753745181085
2024-05-20,51.754635594761424
2024-05-21,51.78887477645608
2024-05-22,51.742414113047175
2024-05-23,51.76831663097706
2024-05-24,51.82285387304698
2024-05-27,51.8511213478187
2024-05-28,51.81364441386593
2024-05-29,52.19823080390381
2024-05-30,52.23937888341473
2024-05-31,52.32045018627392
2024-06-03,52.310848142284016
2024-06-04,52.580891773898806
2024-06-05,52.58474478863248
2024-06-06,52.672338283811584
2024-06-07,52.85350778109643
2024-06-10,52.752140025379
2024-06-11,52.79029083862642
2024-06-12,52.988705679785994
2024-06-13,53.40675864883762
2024-06-14,53.35324414511404
2024-06-17,53.367547565721594
2024-06-18,53.389430730977736
2024-06-19,52.03826145134527
2024-06-20,52.16276606916473
2024-06-21,52.05177881434816
2024-06-24,51.90767890136465
2024-06-25,51.27982023779553
2024-06-26,51.314928227018505
2024-06-27,51.30166619185847
2024-06-28,51.63561386719149
2024-07-01,51.58500369980803
2024-07-02,51.690819684648936
2024-07-03,51.66375146162402
2024-07-04,51.5657905728464
2024-07-05,51.622556677531115
2024-07-08,51.56885899728773
2024-07-09,51.48454355225024
2024-07-10,51.43807318035382
2024-07-11,51.42999759341682
2024-07-12,51.182349306080745
2024-07-15,51.121953310031564
2024-07-16,50.58370968944913
2024-07-17,50.521295122247636
2024-07-18,50.56613805908692
2024-07-19,50.429697456214306
2024-07-22,50.45314471917889
2024-07-23,50.68784961562645
2024-07-24,50.754947134962805
2024-07-25,50.36129913095123
2024-07-26,50.297791046989374
2024-07-29,50.37027191620298
2024-07-30,50.43833282126305
2024-07-31,50.3050575566913
2024-08-01,50.50762365442939
2024-08-02,53.48895428115931
2024-08-05,59.576883105010715
2024-08-06,59.30745297548747
2024-08-07,60.3630949101984
2024-08-08,60.156634122147814
2024-08-09,60.092568480180454
2024-08-12,60.05182123029398
2024-08-13,60.152916419820244
2024-08-14,60.10243562162319
2024-08-15,59.935981915836145
2024-08-16,59.8410875009596
2024-08-19,59.83814170999442
2024-08-20,60.06133802961783
2024-08-21,60.07012851246355
2024-08-22,60.28670905575877
2024-08-23,60.403661939037434
2024-08-26,60.5832409833961
2024-08-27,60.69578100518633
2024-08-28,60.403651752022434
2024-08-29,60.49991834803956
2024-08-30,60.53641997650296
2024-09-02,60.671038210850135
2024-09-03,60.74307902662516
2024-09-04,60.61001443349561
2024-09-05,60.63247878706212
2024-09-06,60.64968369568579
2024-09-09,60.53893381884755
2024-09-10,60.502795499889814
2024-09-11,60.51008496381621
2024-09-12,60.58196159757047
2024-09-13,60.41917020540062
2024-09-16,60.35640125513322
2024-09-17,60.252269347036304
2024-09-18,60.27630850785105
2024-09-19,60.48220674698298
2024-09-20,60.39965255172453
2024-09-23,58.39404442212424
2024-09-24,58.80257803119221
2024-09-25,58.79329536795817
2024-09-26,58.73798788633782
2024-09-27,58.88451837079756
2024-09-30,58.90663496619465
2024-10-01,58.8318617147808
2024-10-02,58.79010365827625
2024-10-03,57.527855031507045
2024-10-04,57.760724506304484
2024-10-07,57.879902563462856
2024-10-08,57.80486854801307
2024-10-09,57.916135559736894
2024-10-10,57.993348867177595
2024-10-11,58.03197790842596
2024-10-14,58.06457525000738
2024-10-15,57.838048852243816
2024-10-16,56.78167942628601
2024-10-17,56.90713562737271
2024-10-18,56.920230582977325
2024-10-21,57.081400012615255
2024-10-22,56.972231589884856
2024-10-23,56.727937757211436
2024-10-24,57.23929266537206
2024-10-25,57.25048323567682
2024-10-28,56.75905541898006
2024-10-29,57.07467919217575
2024-10-30,57.587244039821464
2024-10-31,57.456568774563124
2024-11-01,57.217125831594
2024-11-04,57.3549146435688
2024-11-05,57.33646552995978
2024-11-06,57.78996009302265
2024-11-07,57.42246070129375
2024-11-08,57.44221581190618
2024-11-11,57.52831072153146
2024-11-12,58.269708787457915
2024-11-13,58.0786737483303
2024-11-14,58.12928978435463
2024-11-15,57.94628378691306
2024-11-18,57.87218414228441
2024-11-19,57.94085317371752
2024-11-20,57.80667196109205
2024-11-21,57.80276848548221
2024-11-22,57.708615697116414
2024-11-25,57.68268013800798
2024-11-26,57.518389323832864
2024-11-27,57.25528042688644
2024-11-28,57.39864520038465
2024-11-29,57.207304060947585
2024-12-02,56.92797626588833
2024-12-03,57.00650693520862
2024-12-04,56.8313997122125
2024-12-05,56.856046262745885
2024-12-06,56.36945017406955
2024-12-09,55.54509167164202
2024-12-10,55.43996426612697
2024-12-11,55.34908031765639
2024-12-12,55.77996474306835
2024-12-13,55.48563805756491
2024-12-16,55.53175527421431
2024-12-17,55.31931885949373
2024-12-18,55.352587137266475
2024-12-19,55.549486474729136
2024-12-20,55.69511273556215
2024-12-23,55.72768098992058
2024-12-24,56.42202119006431
2024-12-25,57.02572889292087
2024-12-26,57.682142107125415
2024-12-27,57.658496571481585
2024-12-30,57.67417767966688
2024-12-31,57.59840359360781
2025-01-01,58.028719602883015
2025-01-02,57.75722512181132
2025-01-03,57.67176143605537
2025-01-06,57.50104630594684
2025-01-07,57.381882868931875
2025-01-08,57.378568523483985
2025-01-09,57.47742954881178
2025-01-10,57.52157858708449
2025-01-13,57.61246162572874
2025-01-14,57.6851791877909
2025-01-15,57.972154553212384
2025-01-16,57.72459461609666
2025-01-17,57.96551839100438
2025-01-20,58.210198038674456
2025-01-21,58.34119462257803
2025-01-22,58.53424102355789
2025-01-23,58.48444784626711
2025-01-24,58.561751858345815
2025-01-27,58.6845061666288
2025-01-28,58.762774046713275
2025-01-29,58.784582184606315
2025-01-30,58.89955740867293
2025-01-31,58.897823357121105
2025-02-03,59.118591613258396
2025-02-04,59.05324979614034
2025-02-05,59.15501354816522
2025-02-06,59.779439016857395
2025-02-07,59.90478001879595
2025-02-10,60.018017629711196
2025-02-11,60.102087143466
2025-02-12,60.164534085183554
2025-02-13,60.150341495836166
2025-02-14,59.90110283812561
2025-02-17,59.89208559349966
2025-02-18,59.859948786387726
2025-02-19,60.08772025171366
2025-02-20,60.02495036587558
2025-02-21,59.958941487604164
2025-02-24,59.92062083628462
2025-02-25,60.03697890474812
2025-02-26,60.21857988361701
2025-02-27,60.20178316264626
2025-02-28,60.02980881477738
2025-03-03,59.82007951493188
2025-03-04,63.316466766285416
2025-03-05,63.651009921439304
2025-03-06,62.93326064955554
2025-03-07,62.69291969388178
2025-03-10,62.32490034072703
2025-03-11,62.43619508316017
2025-03-12,62.44560542064105
2025-03-13,61.92433364644296
2025-03-14,61.609780456489425
2025-03-17,61.55706344131957
2025-03-18,61.53658216149752
2025-03-19,61.54329101713104
2025-03-20,61.565699155905385
2025-03-21,61.509468597103634
2025-03-24,61.5026403400046
2025-03-25,61.4228927430842
2025-03-26,61.435873474669954
2025-03-27,61.58709528605234
2025-03-28,61.566197194732354
2025-03-31,61.44748105951881
2025-04-01,61.39932970013516
2025-04-02,61.47428548104673
2025-04-03,64.2034419746948
2025-04-04,75.94842841504958
2025-04-07,77.08524392011302
2025-04-08,80.09091160541617
2025-04-09,80.78847507691182
2025-04-10,82.7923918159096
2025-04-11,81.75483654153918
2025-04-14,82.2303279530441
2025-04-15,81.91161159022323
2025-04-16,81.9994612153598
2025-04-17,81.9577613946501
2025-04-18,82.21778846810054
2025-04-21,82.37906962159563
2025-04-22,82.32878161778913
2025-04-23,82.60757520563334
2025-04-24,82.73165294472086
2025-04-25,82.6266212959305
2025-04-28,82.68766127329712
2025-04-29,82.62907282612171
2025-04-30,82.57809434075996
2025-05-01,82.72034871739098
2025-05-02,82.84696286453921
2025-05-05,82.80162700369964
2025-05-06,82.77221462353418
2025-05-07,82.70184540583591
2025-05-08,82.6125510086575
2025-05-09,82.58453306922755
2025-05-12,82.51938261444955
2025-05-13,82.50651469092544
2025-05-14,82.51225681451879
2025-05-15,82.37470079226338
2025-05-16,82.34472035353726
2025-05-19,82.14347284615462
2025-05-20,82.16696608876586
2025-05-21,82.1231430099162
2025-05-22,81.98818525929012
2025-05-23,81.93003394596326
2025-05-26,81.93054091796334
2025-05-27,81.89416061437532
2025-05-28,81.93245732739763
2025-05-29,82.04715556252876
2025-05-30,82.01635525290642
2025-06-02,82.02901306590384
2025-06-03,82.07534688225039
2025-06-04,82.07313700769859
2025-06-05,82.06294917226286
2025-06-06,82.1362907659885
2025-06-09,82.15942249922698
2025-06-10,82.09477398877762
2025-06-11,82.20085948445988
2025-06-12,82.18863281278101
2025-06-13,82.26653557020995
2025-07-02,82.27602565989149
2025-07-03,82.27685280749805
2025-07-04,82.31816735662454
2025-07-07,82.24172511941362
2025-07-08,82.24682188735034
2025-07-09,82.20990819827144
2025-07-10,82.20544698189173
2025-07-11,82.19351607855097
2025-07-14,82.24947514341575
2025-07-15,82.33050844467091
2025-07-16,82.29816392082449
2025-07-17,82.355869599404
2025-07-18,82.33720022606755
2025-07-21,82.34689959700162
2025-07-22,82.36533064193698
2025-07-23,82.33988158625934
2025-07-24,82.33960562131263
2025-07-25,82.44238497286742
2025-07-28,82.51542210525851
2025-07-29,82.39013978952877
2025-07-30,82.2851021165083
2025-07-31,82.26967178950999
2025-08-01,82.32977385144942
2025-08-04,81.64682124692739
2025-08-05,80.86881428033017
2025-08-06,81.22319728069795
2025-08-07,81.08977200605557
2025-08-08,81.03222952380294
2025-08-11,81.01483068043122
2025-08-12,81.13127885592338
2025-08-13,80.99204197616338
2025-08-14,80.99379955802179
2025-08-15,81.08532749384949
2025-08-18,81.02055551875723
2025-08-19,80.94650897210683
2025-08-20,80.90382540918247
2025-08-21,80.84824195383945
2025-08-22,80.44284271902191
2025-08-25,80.39883311752482
2025-08-26,80.35521644815546
2025-08-27,80.28408222964953
2025-08-28,80.21726264227587
2025-08-29,80.24472025163277
2025-09-01,80.1678549960905
2025-09-02,80.05908126627646
2025-09-03,80.04212713857139
2025-09-04,80.04274382748491
2025-09-05,80.02801616414007
2025-09-08,80.0691025515466
2025-09-09,80.10387203779517
2025-09-10,80.11450849993696
2025-09-11,80.08893102307417
2025-09-12,80.05906699227988
2025-09-15,80.05709153695679
2025-09-16,80.06538439680757
2025-09-17,80.08925940975064
2025-09-18,80.08077664293165
2025-09-19,80.15765923993217
2025-09-22,80.28799621861792
2025-09-23,80.13296834305223
2025-09-24,80.1640634040034
2025-09-25,80.09727400134615
2025-09-26,80.15755527029596
2025-09-29,80.1478901590282
2025-09-30,80.22470443459868
2025-10-01,80.18806835865169
2025-10-02,80.22363573777835
2025-10-03,80.23526842818387
2025-10-06,80.23974769163097
2025-10-07,80.17856525279304
2025-10-08,80.30019417339012
2025-10-09,80.25366901033345
2025-10-10,80.14937177402356
2025-10-13,80.16774698803955
2025-10-14,80.200312672986
2025-10-15,80.26425277546814
