date,category,systemic,prob_logit,prob_probit
2017-05-23,Absorbed,0,0.37758769613641324,0.36639888119701314
2017-06-05,Localized,0,0.46011159004217034,0.43334703382486406
2017-06-19,Absorbed,0,0.176067759947596,0.17803975849622533
2017-07-10,Systemic,1,0.092406443755017,0.09101682499286184
2017-08-17,Absorbed,0,0.12306331161441962,0.12537538010199495
2017-08-18,Absorbed,0,0.16937990068709893,0.17244122627713654
2017-08-24,Localized,0,0.17116802891477953,0.17302302151651666
2017-09-06,Absorbed,0,0.09714555808122038,0.09707730662306008
2017-10-30,Absorbed,0,0.12187015605849073,0.12458690649747661
2017-11-01,Absorbed,0,0.11036081496990839,0.1114772344733152
2017-11-20,Absorbed,0,0.06498270056293445,0.06083881200027816
2017-11-27,Localized,0,0.030394515842439095,0.022689648068136732
2017-12-25,Absorbed,0,0.042200783340733336,0.03528164891813894
2018-01-29,Systemic,1,0.060344251797602284,0.05465077497649562
2018-02-05,Systemic,1,0.08567628355532596,0.08702739684006272
2018-03-05,Systemic,1,0.8552745837634346,0.8441029784047622
2018-03-26,Absorbed,0,0.4611908688751733,0.45146647813733615
2018-04-09,Absorbed,0,0.28971768854712054,0.29448419592809005
2018-04-16,Absorbed,0,0.12894952824109068,0.132695308559805
2018-04-25,Absorbed,0,0.3384124103751265,0.3373721317155181
2018-05-07,Absorbed,0,0.24031207841044416,0.24537603863826524
2018-05-14,Absorbed,0,0.22757313208037744,0.23117365575704885
2018-09-03,Localized,0,0.19188948815534587,0.19862811370447275
2018-10-08,Systemic,1,0.16808530186730075,0.1745741485010856
2018-11-12,Absorbed,0,0.19859011863199164,0.20163770728806635
2018-12-12,Systemic,1,0.3414777769812551,0.34563916618400947
2018-12-17,Systemic,1,0.25767679022160234,0.2617056014643943
2019-01-14,Systemic,1,0.2715278645997535,0.2748839312089453
2019-02-11,Systemic,1,0.32148356082675944,0.32298278053719837
2019-04-19,Absorbed,0,0.12033580323756614,0.12091634995439787
2019-05-06,Systemic,1,0.04787751074843944,0.03933906280663191
2019-07-22,Absorbed,0,0.12405138265401694,0.1269848916208114
2019-08-12,Systemic,1,0.2179921943230262,0.22467574554356712
2019-08-26,Localized,0,0.24895848234061255,0.25372360273885963
2019-09-02,Absorbed,0,0.32538506216651,0.3278767933729037
2019-11-18,Localized,0,0.19366607526939061,0.1986999776148815
2019-12-30,Localized,0,0.1343027795898276,0.13584704489098126
2021-03-03,Absorbed,0,0.15331805585820585,0.1565855245783357
2021-04-26,Absorbed,0,0.10000809754323865,0.099644597679236
2021-05-04,Localized,0,0.095299136255424,0.09506280458063088
2021-05-17,Absorbed,0,0.25529999373907525,0.26141461535420984
2021-08-16,Systemic,1,0.20387383384535052,0.20509782239155128
2021-09-06,Localized,0,0.23541738422680486,0.24042333982446046
2021-09-13,Systemic,1,0.23220731082045215,0.23637101830327634
2021-11-11,Absorbed,0,0.15142141110707813,0.15470838242477802
2021-11-15,Localized,0,0.1296001181657545,0.13178168588419842
2021-11-18,Localized,0,0.10886783650321995,0.10898507577569405
2021-12-27,Absorbed,0,0.15905132683787182,0.16194632548725268
2022-02-21,Systemic,1,0.509774548859765,0.4963910453514942
2022-02-24,Systemic,1,0.0019094011718192663,0.00011895722468921764
2022-03-02,Systemic,1,0.9947748498716995,0.9986258383232275
2022-03-14,Systemic,1,0.524639497085957,0.5140318629576913
2022-04-25,Systemic,1,0.5969978331420822,0.5775926489276155
2022-05-02,Systemic,1,0.383304253184983,0.3783187993868967
2022-05-09,Systemic,1,0.6088187352805479,0.5843810855729206
2022-06-27,Systemic,1,0.5536150324625432,0.5375893975058856
2022-06-29,Systemic,1,0.37044555498250226,0.3670718228056987
2022-08-08,Absorbed,0,0.22382349107075677,0.22955516149510247
2022-08-22,Localized,0,0.22150090864450475,0.22802227621884008
2022-09-01,Systemic,1,0.2423661525698923,0.24825414508849214
2022-09-05,Absorbed,0,0.3404715993589456,0.3496919950769809
2022-09-21,Systemic,1,0.31301385353551187,0.31663796994126775
2022-10-10,Absorbed,0,0.42730551873156836,0.4210445900068148
2022-10-24,Absorbed,0,0.28727839833142715,0.2906172100342446
2022-10-28,Systemic,1,0.26983858683516815,0.27514472815328916
2022-11-11,Absorbed,0,0.6778495177503228,0.6469991386297965
2022-12-12,Systemic,1,0.2870385468188917,0.29144362504399995
2022-12-19,Absorbed,0,0.34690344725694583,0.3461642350181621
2022-12-26,Absorbed,0,0.21931013917300873,0.22280333386202306
2023-01-02,Localized,0,0.27544869842069536,0.2791756054871808
2023-02-20,Absorbed,0,0.11674265918258428,0.11800876079603878
2023-02-21,Localized,0,0.11674328760581101,0.11829249912554607
2023-02-24,Localized,0,0.20308068932512088,0.20534505374814188
2023-04-07,Localized,0,0.2401978191132674,0.2461507664943307
2023-04-17,Absorbed,0,0.39198120986043106,0.38565348718579273
2023-04-25,Localized,0,0.27648338966971775,0.27936203919951375
2023-05-04,Localized,0,0.22934112805158888,0.23530867272344558
2023-06-05,Absorbed,0,0.4696183030228371,0.46609889701874657
2023-06-26,Absorbed,0,0.17386831015756862,0.17244815798606788
2023-07-24,Absorbed,0,0.0839291962273122,0.08149041685032943
2023-08-15,Absorbed,0,0.14457437726773112,0.14811638794144155
2023-09-11,Localized,0,0.09637332153223392,0.09554346313669049
2023-10-09,Systemic,1,0.2640428179027632,0.2368955378612967
2023-10-17,Absorbed,0,0.21080346784275247,0.21674563369061572
2023-10-30,Systemic,1,0.147114232764393,0.15096596884947083
2023-11-06,Absorbed,0,0.28434319501384053,0.2895257697253125
2023-11-20,Absorbed,0,0.20901828162156574,0.21585051746412037
2023-11-27,Localized,0,0.11075516299297214,0.11226619859039544
2023-12-08,Localized,0,0.14119270328642608,0.14471775715791985
2023-12-25,Absorbed,0,0.264736369002271,0.26514546833850683
2024-01-01,Localized,0,0.14196830806326358,0.14567940783092181
2024-01-18,Absorbed,0,0.2633515969971748,0.26898948836436554
2024-01-23,Absorbed,0,0.07620387194649535,0.07362409525771121
2024-01-29,Absorbed,0,0.08743206711086024,0.08676357653116235
2024-02-05,Absorbed,0,0.08374962643264817,0.08061942723858379
2024-02-26,Absorbed,0,0.19280482727774792,0.19333955317084311
2024-03-25,Absorbed,0,0.1162402360621416,0.11573542453448615
2024-04-08,Absorbed,0,0.08898645039160735,0.08841878296444661
2024-04-15,Localized,0,0.06816339692117819,0.0640382888646161
2024-04-25,Absorbed,0,0.06632713395790255,0.062648012625797
2024-05-03,Localized,0,0.06524407749936567,0.061398531828405274
2024-05-06,Localized,0,0.06146930681733739,0.056874849678368054
2024-05-13,Absorbed,0,0.11554368419396785,0.11645362903758932
2024-05-20,Absorbed,0,0.05106998460276955,0.04556477542786393
2024-07-15,Absorbed,0,0.22819081311424452,0.2356327369616908
2024-08-05,Systemic,1,0.8707511735599488,0.8616917055239097
2024-08-08,Absorbed,0,0.9450750379095676,0.9485262181520406
2024-08-13,Absorbed,0,0.29881885056943575,0.3015865565418868
2024-09-02,Localized,0,0.15561320354921912,0.15969769902540792
2024-10-01,Absorbed,0,0.19468826769216233,0.21045002018661735
2024-10-07,Absorbed,0,0.2500419802712655,0.2544506543623383
2024-11-18,Absorbed,0,0.3295804698607356,0.3272192831506169
2024-12-02,Localized,0,0.08900862885333917,0.08710306869654266
2024-12-09,Absorbed,0,0.19932743675130518,0.2017741581595009
2024-12-25,Absorbed,0,0.009140902089912866,0.003631170698171498
2025-01-03,Localized,0,0.1342926480788642,0.13775148724039826
2025-01-06,Localized,0,0.10511368505375768,0.10567628018994163
2025-03-03,Systemic,1,0.09301494354228795,0.0926250651533932
2025-03-10,Absorbed,0,0.21793931272302702,0.224454331260518
2025-03-17,Absorbed,0,0.44896843048175017,0.43985034249260685
2025-03-18,Absorbed,0,0.1479140323542865,0.15336693969827336
2025-03-24,Systemic,1,0.18859554429931544,0.19548408075927137
2025-04-25,Systemic,1,0.5346359787094018,0.5148468864504385
2025-04-28,Systemic,1,0.48859788519711234,0.47467264427792305
2025-05-05,Systemic,1,0.5393107467693534,0.5335603304169289
2025-05-19,Absorbed,0,0.49669743055812277,0.4858942567268854
2025-06-02,Absorbed,0,0.5084113797305956,0.49168136370436066
2025-07-02,Localized,0,0.7465564766028568,0.7142527150975908
2025-07-14,Absorbed,0,0.5736387522991823,0.5537455247073741
2025-07-31,Localized,0,0.09156314323817559,0.08890379637198842
2025-08-12,Absorbed,0,0.10057562992335373,0.09852691733908242
2025-08-15,Localized,0,0.06764259488355266,0.06295820178311244
2025-08-25,Absorbed,0,0.20851908535811658,0.20973766051571074
2025-09-02,Absorbed,0,0.0951889260147979,0.09259013273359046
2025-09-15,Absorbed,0,0.06497085559815548,0.06032785795030738
2025-09-29,Absorbed,0,0.09672477287047976,0.09671054771791637
2025-10-06,Absorbed,0,0.05882451553328746,0.05449754744075008
2025-10-13,Absorbed,0,0.14875008646591079,0.15473864771834728
