date,category,systemic,prob_qrt
2017-05-23,Absorbed,0,0.5759156544723443
2017-06-05,Localized,0,0.5243828959867564
2017-06-19,Absorbed,0,0.2345864351189992
2017-07-10,Systemic,1,0.10654284196815113
2017-08-17,Absorbed,0,0.18573091790163782
2017-08-18,Absorbed,0,0.2547412474198828
2017-08-24,Localized,0,0.20675099489889331
2017-09-06,Absorbed,0,0.10446797003061238
2017-10-30,Absorbed,0,0.12791779684823515
2017-11-01,Absorbed,0,0.08803065088758338
2017-11-20,Absorbed,0,0.028866333017345334
2017-11-27,Localized,0,0.009279669780595431
2017-12-25,Absorbed,0,0.027006244835801253
2018-01-29,Systemic,1,0.08446467906914328
2018-02-05,Systemic,1,0.684861001946153
2018-03-05,Systemic,1,0.9845029627683434
2018-03-26,Absorbed,0,0.809050375802231
2018-04-09,Absorbed,0,0.5829266380323244
2018-04-16,Absorbed,0,0.2833533808938305
2018-04-25,Absorbed,0,0.614645444854347
2018-05-07,Absorbed,0,0.4546675061675749
2018-05-14,Absorbed,0,0.45378477862560745
2018-09-03,Localized,0,0.22500629402324815
2018-10-08,Systemic,1,0.21756679719671787
2018-11-12,Absorbed,0,0.3071419152110188
2018-12-12,Systemic,1,0.5758818461042925
2018-12-17,Systemic,1,0.410448982618429
2019-01-14,Systemic,1,0.4247951320491741
2019-02-11,Systemic,1,0.43621182679428194
2019-04-19,Absorbed,0,0.20443323526092064
2019-05-06,Systemic,1,0.09021528403686674
2019-07-22,Absorbed,0,0.1625653252021149
2019-08-12,Systemic,1,0.2872725028483839
2019-08-26,Localized,0,0.3452821214638899
2019-09-02,Absorbed,0,0.425458634155433
2019-11-18,Localized,0,0.2496251269606457
2019-12-30,Localized,0,0.20693293925045084
2021-03-03,Absorbed,0,0.15036265333002938
2021-04-26,Absorbed,0,0.1006531340346189
2021-05-04,Localized,0,0.0858459427986677
2021-05-17,Absorbed,0,0.18373930800488422
2021-08-16,Systemic,1,0.21042084161036193
2021-09-06,Localized,0,0.21088150693473232
2021-09-13,Systemic,1,0.2058091296427834
2021-11-11,Absorbed,0,0.15362724088529875
2021-11-15,Localized,0,0.12914077566681445
2021-11-18,Localized,0,0.11889949327259555
2021-12-27,Absorbed,0,0.17862212343152514
2022-02-21,Systemic,1,0.4001564950241536
2022-02-24,Systemic,1,0.00019414641260782296
2022-03-02,Systemic,1,0.9588295958721522
2022-03-14,Systemic,1,0.45046671310258396
2022-04-25,Systemic,1,0.46853070182897205
2022-05-02,Systemic,1,0.3155373187636894
2022-05-09,Systemic,1,0.46255043573952803
2022-06-27,Systemic,1,0.37472069864224
2022-06-29,Systemic,1,0.28475796179227536
2022-08-08,Absorbed,0,0.1692543903498696
2022-08-22,Localized,0,0.15500322782677542
2022-09-01,Systemic,1,0.17533995043824854
2022-09-05,Absorbed,0,0.27752620106604114
2022-09-21,Systemic,1,0.21503685564147457
2022-10-10,Absorbed,0,0.2721853170090315
2022-10-24,Absorbed,0,0.22114862637412655
2022-10-28,Systemic,1,0.18558542566082176
2022-11-11,Absorbed,0,0.4649501343726255
2022-12-12,Systemic,1,0.2038176667514191
2022-12-19,Absorbed,0,0.2405107736895506
2022-12-26,Absorbed,0,0.1957428865016692
2023-01-02,Localized,0,0.2171878593773543
2023-02-20,Absorbed,0,0.10170576215138108
2023-02-21,Localized,0,0.09677660627769792
2023-02-24,Localized,0,0.16965466197831516
2023-04-07,Localized,0,0.17679224794485215
2023-04-17,Absorbed,0,0.3186842985785848
2023-04-25,Localized,0,0.23848449982609654
2023-05-04,Localized,0,0.17345434009427055
2023-06-05,Absorbed,0,0.3671238522360923
2023-06-26,Absorbed,0,0.1520683975339386
2023-07-24,Absorbed,0,0.08696172936826173
2023-08-15,Absorbed,0,0.11802229402616558
2023-09-11,Localized,0,0.0872792586440835
2023-10-09,Systemic,1,0.2801178817907437
2023-10-17,Absorbed,0,0.1598395626328923
2023-10-30,Systemic,1,0.11130721816207739
2023-11-06,Absorbed,0,0.16903340752730986
2023-11-20,Absorbed,0,0.14274069707174475
2023-11-27,Localized,0,0.08474300877808273
2023-12-08,Localized,0,0.11381517650616173
2023-12-25,Absorbed,0,0.2375769924839923
2024-01-01,Localized,0,0.11394268783812928
2024-01-18,Absorbed,0,0.18730926918960927
2024-01-23,Absorbed,0,0.06510194026986704
2024-01-29,Absorbed,0,0.06677885536255428
2024-02-05,Absorbed,0,0.0904295307839985
2024-02-26,Absorbed,0,0.19767492752079371
2024-03-25,Absorbed,0,0.10585772423926312
2024-04-08,Absorbed,0,0.0708491242393764
2024-04-15,Localized,0,0.06559748692184268
2024-04-25,Absorbed,0,0.05877914216178335
2024-05-03,Localized,0,0.05869836788971988
2024-05-06,Localized,0,0.0606766719873416
2024-05-13,Absorbed,0,0.09800349481211575
2024-05-20,Absorbed,0,0.04596362661762043
2024-07-15,Absorbed,0,0.16136771006568787
2024-08-05,Systemic,1,0.6749575243534294
2024-08-08,Absorbed,0,0.8332332155923002
2024-08-13,Absorbed,0,0.2718207744835193
2024-09-02,Localized,0,0.15355477219033636
2024-10-01,Absorbed,0,0.20767485340727054
2024-10-07,Absorbed,0,0.2386046009063563
2024-11-18,Absorbed,0,0.3246760157110963
2024-12-02,Localized,0,0.10365932160657823
2024-12-09,Absorbed,0,0.22408999076978353
2024-12-25,Absorbed,0,0.00779873040605607
2025-01-03,Localized,0,0.11892443628303732
2025-01-06,Localized,0,0.1012978404142993
2025-03-03,Systemic,1,0.09272564411885283
2025-03-10,Absorbed,0,0.18905469361374788
2025-03-17,Absorbed,0,0.3253345780553404
2025-03-18,Absorbed,0,0.11933247257762952
2025-03-24,Systemic,1,0.15954490471823865
2025-04-25,Systemic,1,0.5116557280087323
2025-04-28,Systemic,1,0.4266451327663256
2025-05-05,Systemic,1,0.4795133020328925
2025-05-19,Absorbed,0,0.36982790143763367
2025-06-02,Absorbed,0,0.4522287662346285
2025-07-02,Localized,0,0.6435226614610646
2025-07-14,Absorbed,0,0.45039141452691295
2025-07-31,Localized,0,0.14819974614490372
2025-08-12,Absorbed,0,0.16925548952552838
2025-08-15,Localized,0,0.10199270695012642
2025-08-25,Absorbed,0,0.2894264305389284
2025-09-02,Absorbed,0,0.1647737762809527
2025-09-15,Absorbed,0,0.07822401212325057
2025-09-29,Absorbed,0,0.08856252838247337
2025-10-06,Absorbed,0,0.05197335422799294
2025-10-13,Absorbed,0,0.10697982428281486
